Rank1,Rank2,Rank3,Percentage
0.0,0.0,0.0,0.0
0.001,0.001,0.001,0.0005
0.001,0.001,0.001,0.001
0.001,0.001,0.001,0.0015
0.002,0.001,0.001,0.002
0.002,0.001,0.001,0.0025
0.002,0.002,0.002,0.003
0.002,0.002,0.002,0.0035
0.003,0.002,0.002,0.004
0.003,0.003,0.003,0.0045
0.003,0.003,0.005,0.005
0.003,0.003,0.005,0.0055
0.003,0.004,0.005,0.006
0.004,0.004,0.005,0.0065
0.004,0.004,0.006,0.007
0.004,0.004,0.006,0.0075
0.004,0.005,0.006,0.008
0.004,0.005,0.006,0.0085
0.005,0.006,0.007,0.009
0.005,0.006,0.007,0.0095
0.005,0.007,0.007,0.01
0.005,0.007,0.007,0.0105
0.005,0.007,0.007,0.011
0.006,0.008,0.008,0.0115
0.006,0.009,0.008,0.012
0.006,0.01,0.008,0.0125
0.006,0.011,0.008,0.013
0.006,0.011,0.008,0.0135
0.006,0.011,0.009,0.014
0.007,0.011,0.01,0.0145
0.007,0.012,0.012,0.015
0.007,0.013,0.012,0.0155
0.007,0.013,0.012,0.016
0.007,0.013,0.012,0.0165
0.008,0.013,0.013,0.017
0.008,0.014,0.013,0.0175
0.008,0.015,0.013,0.018
0.008,0.015,0.014,0.0185
0.009,0.015,0.014,0.019
0.01,0.015,0.014,0.0195
0.01,0.015,0.015,0.02
0.011,0.015,0.015,0.0205
0.012,0.016,0.015,0.021
0.012,0.016,0.017,0.0215
0.014,0.016,0.018,0.022
0.014,0.016,0.018,0.0225
0.015,0.017,0.018,0.023
0.015,0.017,0.02,0.0235
0.016,0.017,0.02,0.024
0.016,0.017,0.021,0.0245
0.016,0.018,0.021,0.025
0.016,0.018,0.021,0.0255
0.016,0.018,0.022,0.026
0.017,0.019,0.022,0.0265
0.018,0.019,0.022,0.027
0.018,0.019,0.022,0.0275
0.018,0.02,0.022,0.028
0.018,0.02,0.023,0.0285
0.019,0.02,0.024,0.029
0.021,0.021,0.024,0.0295
0.021,0.021,0.025,0.03
0.022,0.021,0.025,0.0305
0.022,0.022,0.025,0.031
0.022,0.023,0.025,0.0315
0.026,0.024,0.026,0.032
0.026,0.024,0.027,0.0325
0.026,0.026,0.028,0.033
0.026,0.026,0.028,0.0335
0.026,0.026,0.029,0.034
0.027,0.026,0.029,0.0345
0.027,0.027,0.029,0.035
0.028,0.027,0.029,0.0355
0.028,0.027,0.029,0.036
0.028,0.028,0.03,0.0365
0.03,0.029,0.03,0.037
0.03,0.029,0.03,0.0375
0.031,0.029,0.031,0.038
0.032,0.03,0.031,0.0385
0.033,0.03,0.032,0.039
0.033,0.03,0.032,0.0395
0.033,0.031,0.034,0.04
0.033,0.032,0.035,0.0405
0.034,0.032,0.035,0.041
0.034,0.033,0.035,0.0415
0.035,0.034,0.036,0.042
0.037,0.034,0.036,0.0425
0.037,0.034,0.038,0.043
0.037,0.035,0.039,0.0435
0.037,0.036,0.04,0.044
0.037,0.036,0.04,0.0445
0.038,0.036,0.04,0.045
0.038,0.036,0.04,0.0455
0.039,0.037,0.042,0.046
0.04,0.037,0.043,0.0465
0.04,0.037,0.043,0.047
0.04,0.037,0.044,0.0475
0.042,0.037,0.045,0.048
0.042,0.038,0.048,0.0485
0.043,0.04,0.049,0.049
0.043,0.041,0.05,0.0495
0.044,0.041,0.05,0.05
0.044,0.042,0.05,0.0505
0.046,0.043,0.05,0.051
0.046,0.044,0.051,0.0515
0.047,0.044,0.051,0.052
0.048,0.044,0.051,0.0525
0.048,0.044,0.051,0.053
0.049,0.045,0.052,0.0535
0.049,0.047,0.053,0.054
0.05,0.047,0.054,0.0545
0.05,0.047,0.054,0.055
0.053,0.047,0.054,0.0555
0.053,0.048,0.056,0.056
0.053,0.048,0.057,0.0565
0.055,0.048,0.058,0.057
0.055,0.048,0.059,0.0575
0.055,0.049,0.059,0.058
0.055,0.05,0.062,0.0585
0.057,0.05,0.062,0.059
0.057,0.051,0.063,0.0595
0.058,0.052,0.063,0.06
0.058,0.052,0.065,0.0605
0.058,0.053,0.066,0.061
0.059,0.053,0.067,0.0615
0.06,0.053,0.067,0.062
0.06,0.053,0.067,0.0625
0.06,0.054,0.069,0.063
0.061,0.054,0.069,0.0635
0.061,0.055,0.069,0.064
0.061,0.055,0.069,0.0645
0.062,0.056,0.07,0.065
0.063,0.057,0.07,0.0655
0.064,0.057,0.071,0.066
0.064,0.057,0.071,0.0665
0.065,0.058,0.072,0.067
0.065,0.059,0.073,0.0675
0.066,0.06,0.073,0.068
0.068,0.061,0.074,0.0685
0.069,0.061,0.074,0.069
0.071,0.062,0.076,0.0695
0.072,0.062,0.078,0.07
0.072,0.062,0.078,0.0705
0.074,0.062,0.079,0.071
0.074,0.062,0.08,0.0715
0.074,0.062,0.08,0.072
0.074,0.063,0.082,0.0725
0.075,0.063,0.083,0.073
0.076,0.063,0.083,0.0735
0.076,0.063,0.083,0.074
0.077,0.064,0.084,0.0745
0.077,0.064,0.085,0.075
0.078,0.065,0.085,0.0755
0.078,0.067,0.085,0.076
0.078,0.067,0.086,0.0765
0.08,0.069,0.087,0.077
0.081,0.07,0.087,0.0775
0.081,0.07,0.088,0.078
0.083,0.072,0.088,0.0785
0.083,0.072,0.089,0.079
0.085,0.073,0.089,0.0795
0.085,0.073,0.09,0.08
0.087,0.074,0.09,0.0805
0.087,0.075,0.091,0.081
0.088,0.076,0.091,0.0815
0.089,0.076,0.094,0.082
0.091,0.076,0.094,0.0825
0.091,0.076,0.094,0.083
0.092,0.077,0.094,0.0835
0.092,0.079,0.095,0.084
0.092,0.08,0.097,0.0845
0.093,0.081,0.097,0.085
0.093,0.082,0.097,0.0855
0.094,0.083,0.098,0.086
0.096,0.083,0.099,0.0865
0.096,0.083,0.1,0.087
0.097,0.085,0.101,0.0875
0.098,0.086,0.102,0.088
0.099,0.087,0.103,0.0885
0.1,0.087,0.103,0.089
0.101,0.087,0.103,0.0895
0.102,0.087,0.105,0.09
0.103,0.087,0.107,0.0905
0.103,0.088,0.108,0.091
0.104,0.089,0.108,0.0915
0.104,0.09,0.108,0.092
0.106,0.091,0.11,0.0925
0.106,0.092,0.11,0.093
0.107,0.094,0.112,0.0935
0.108,0.095,0.112,0.094
0.108,0.095,0.113,0.0945
0.109,0.095,0.113,0.095
0.11,0.096,0.113,0.0955
0.111,0.097,0.113,0.096
0.113,0.097,0.114,0.0965
0.114,0.097,0.114,0.097
0.115,0.098,0.115,0.0975
0.115,0.099,0.116,0.098
0.115,0.103,0.116,0.0985
0.116,0.104,0.116,0.099
0.116,0.104,0.121,0.0995
0.116,0.104,0.123,0.1
0.119,0.105,0.123,0.1005
0.12,0.105,0.124,0.101
0.121,0.106,0.124,0.1015
0.121,0.106,0.125,0.102
0.121,0.106,0.126,0.1025
0.122,0.107,0.127,0.103
0.123,0.108,0.129,0.1035
0.124,0.109,0.13,0.104
0.124,0.109,0.13,0.1045
0.126,0.11,0.132,0.105
0.126,0.11,0.133,0.1055
0.129,0.111,0.134,0.106
0.129,0.112,0.135,0.1065
0.13,0.112,0.137,0.107
0.131,0.114,0.138,0.1075
0.132,0.114,0.139,0.108
0.134,0.115,0.139,0.1085
0.134,0.116,0.141,0.109
0.135,0.116,0.142,0.1095
0.136,0.117,0.143,0.11
0.137,0.117,0.144,0.1105
0.139,0.117,0.146,0.111
0.139,0.118,0.147,0.1115
0.139,0.119,0.148,0.112
0.14,0.119,0.15,0.1125
0.142,0.119,0.153,0.113
0.143,0.123,0.153,0.1135
0.145,0.123,0.153,0.114
0.145,0.124,0.154,0.1145
0.145,0.125,0.154,0.115
0.147,0.126,0.156,0.1155
0.147,0.128,0.156,0.116
0.148,0.129,0.157,0.1165
0.149,0.131,0.158,0.117
0.15,0.132,0.158,0.1175
0.15,0.133,0.159,0.118
0.151,0.134,0.16,0.1185
0.151,0.135,0.16,0.119
0.152,0.135,0.161,0.1195
0.152,0.136,0.162,0.12
0.152,0.137,0.164,0.1205
0.154,0.137,0.165,0.121
0.155,0.137,0.166,0.1215
0.156,0.137,0.166,0.122
0.156,0.139,0.168,0.1225
0.156,0.139,0.168,0.123
0.157,0.141,0.169,0.1235
0.158,0.141,0.169,0.124
0.159,0.142,0.169,0.1245
0.159,0.145,0.17,0.125
0.159,0.145,0.17,0.1255
0.159,0.146,0.171,0.126
0.16,0.152,0.171,0.1265
0.16,0.152,0.172,0.127
0.16,0.152,0.173,0.1275
0.162,0.153,0.173,0.128
0.162,0.153,0.175,0.1285
0.162,0.157,0.175,0.129
0.163,0.157,0.178,0.1295
0.163,0.158,0.178,0.13
0.163,0.158,0.182,0.1305
0.164,0.159,0.183,0.131
0.165,0.16,0.185,0.1315
0.167,0.16,0.185,0.132
0.168,0.161,0.186,0.1325
0.169,0.163,0.187,0.133
0.17,0.166,0.187,0.1335
0.171,0.166,0.188,0.134
0.171,0.167,0.188,0.1345
0.171,0.168,0.189,0.135
0.173,0.168,0.189,0.1355
0.173,0.168,0.191,0.136
0.174,0.17,0.193,0.1365
0.174,0.17,0.194,0.137
0.175,0.17,0.194,0.1375
0.176,0.171,0.198,0.138
0.176,0.174,0.198,0.1385
0.176,0.175,0.199,0.139
0.178,0.176,0.2,0.1395
0.178,0.177,0.2,0.14
0.179,0.178,0.2,0.1405
0.182,0.178,0.201,0.141
0.183,0.18,0.206,0.1415
0.186,0.182,0.206,0.142
0.189,0.183,0.207,0.1425
0.191,0.185,0.208,0.143
0.191,0.185,0.209,0.1435
0.192,0.186,0.209,0.144
0.192,0.187,0.212,0.1445
0.193,0.188,0.212,0.145
0.193,0.188,0.213,0.1455
0.193,0.189,0.213,0.146
0.196,0.189,0.214,0.1465
0.196,0.19,0.214,0.147
0.197,0.191,0.216,0.1475
0.197,0.191,0.217,0.148
0.198,0.193,0.22,0.1485
0.201,0.195,0.222,0.149
0.202,0.196,0.225,0.1495
0.204,0.197,0.225,0.15
0.205,0.198,0.225,0.1505
0.205,0.201,0.225,0.151
0.206,0.201,0.226,0.1515
0.21,0.201,0.227,0.152
0.21,0.204,0.227,0.1525
0.21,0.205,0.229,0.153
0.212,0.207,0.229,0.1535
0.213,0.209,0.233,0.154
0.213,0.209,0.233,0.1545
0.213,0.209,0.235,0.155
0.217,0.21,0.235,0.1555
0.223,0.21,0.236,0.156
0.224,0.213,0.236,0.1565
0.224,0.214,0.238,0.157
0.226,0.215,0.24,0.1575
0.227,0.217,0.24,0.158
0.227,0.217,0.24,0.1585
0.234,0.22,0.245,0.159
0.235,0.221,0.247,0.1595
0.236,0.222,0.247,0.16
0.236,0.223,0.248,0.1605
0.237,0.223,0.258,0.161
0.24,0.224,0.258,0.1615
0.242,0.225,0.259,0.162
0.244,0.225,0.261,0.1625
0.245,0.227,0.261,0.163
0.246,0.229,0.262,0.1635
0.246,0.229,0.264,0.164
0.247,0.231,0.265,0.1645
0.248,0.231,0.265,0.165
0.251,0.232,0.266,0.1655
0.252,0.232,0.266,0.166
0.254,0.234,0.266,0.1665
0.255,0.237,0.27,0.167
0.257,0.243,0.27,0.1675
0.259,0.244,0.27,0.168
0.259,0.244,0.271,0.1685
0.26,0.244,0.272,0.169
0.26,0.244,0.273,0.1695
0.26,0.245,0.275,0.17
0.261,0.247,0.275,0.1705
0.262,0.248,0.276,0.171
0.263,0.248,0.277,0.1715
0.263,0.249,0.282,0.172
0.264,0.25,0.282,0.1725
0.267,0.25,0.287,0.173
0.267,0.254,0.288,0.1735
0.27,0.254,0.288,0.174
0.273,0.255,0.288,0.1745
0.273,0.257,0.289,0.175
0.274,0.259,0.289,0.1755
0.277,0.26,0.292,0.176
0.278,0.262,0.294,0.1765
0.28,0.262,0.294,0.177
0.282,0.262,0.294,0.1775
0.283,0.268,0.294,0.178
0.284,0.269,0.295,0.1785
0.285,0.27,0.298,0.179
0.286,0.272,0.299,0.1795
0.289,0.273,0.3,0.18
0.292,0.273,0.304,0.1805
0.293,0.28,0.305,0.181
0.294,0.282,0.308,0.1815
0.297,0.284,0.309,0.182
0.298,0.284,0.31,0.1825
0.298,0.284,0.315,0.183
0.298,0.285,0.316,0.1835
0.299,0.286,0.318,0.184
0.3,0.286,0.321,0.1845
0.3,0.286,0.322,0.185
0.302,0.289,0.323,0.1855
0.303,0.289,0.324,0.186
0.304,0.289,0.325,0.1865
0.305,0.289,0.325,0.187
0.306,0.29,0.327,0.1875
0.307,0.291,0.327,0.188
0.307,0.293,0.328,0.1885
0.308,0.294,0.328,0.189
0.308,0.295,0.331,0.1895
0.309,0.296,0.333,0.19
0.317,0.296,0.336,0.1905
0.317,0.298,0.338,0.191
0.318,0.298,0.341,0.1915
0.318,0.3,0.343,0.192
0.318,0.301,0.343,0.1925
0.319,0.302,0.344,0.193
0.321,0.302,0.345,0.1935
0.322,0.302,0.346,0.194
0.323,0.303,0.347,0.1945
0.326,0.304,0.348,0.195
0.327,0.306,0.35,0.1955
0.328,0.306,0.35,0.196
0.329,0.307,0.353,0.1965
0.33,0.308,0.353,0.197
0.333,0.309,0.355,0.1975
0.334,0.31,0.358,0.198
0.335,0.311,0.359,0.1985
0.336,0.311,0.36,0.199
0.336,0.313,0.36,0.1995
0.337,0.315,0.363,0.2
0.341,0.315,0.363,0.2005
0.341,0.317,0.364,0.201
0.342,0.317,0.366,0.2015
0.342,0.318,0.366,0.202
0.343,0.318,0.366,0.2025
0.343,0.319,0.366,0.203
0.344,0.32,0.367,0.2035
0.345,0.324,0.367,0.204
0.346,0.324,0.368,0.2045
0.347,0.325,0.37,0.205
0.348,0.325,0.372,0.2055
0.352,0.325,0.373,0.206
0.353,0.325,0.373,0.2065
0.355,0.325,0.374,0.207
0.355,0.325,0.374,0.2075
0.358,0.326,0.376,0.208
0.359,0.327,0.377,0.2085
0.363,0.329,0.377,0.209
0.366,0.33,0.378,0.2095
0.366,0.33,0.38,0.21
0.366,0.332,0.38,0.2105
0.367,0.335,0.38,0.211
0.369,0.336,0.382,0.2115
0.376,0.336,0.384,0.212
0.376,0.34,0.384,0.2125
0.376,0.341,0.385,0.213
0.377,0.345,0.385,0.2135
0.377,0.346,0.388,0.214
0.385,0.346,0.389,0.2145
0.386,0.351,0.39,0.215
0.387,0.354,0.398,0.2155
0.387,0.355,0.398,0.216
0.39,0.356,0.4,0.2165
0.392,0.356,0.403,0.217
0.392,0.357,0.404,0.2175
0.393,0.357,0.405,0.218
0.395,0.358,0.407,0.2185
0.395,0.359,0.409,0.219
0.395,0.359,0.409,0.2195
0.396,0.361,0.41,0.22
0.397,0.365,0.413,0.2205
0.399,0.368,0.414,0.221
0.4,0.369,0.414,0.2215
0.4,0.37,0.416,0.222
0.401,0.371,0.422,0.2225
0.402,0.371,0.422,0.223
0.402,0.372,0.423,0.2235
0.404,0.372,0.424,0.224
0.406,0.375,0.425,0.2245
0.407,0.384,0.429,0.225
0.408,0.386,0.429,0.2255
0.408,0.387,0.435,0.226
0.409,0.388,0.436,0.2265
0.412,0.388,0.438,0.227
0.413,0.39,0.438,0.2275
0.415,0.39,0.441,0.228
0.416,0.39,0.442,0.2285
0.417,0.391,0.442,0.229
0.425,0.392,0.442,0.2295
0.426,0.392,0.443,0.23
0.427,0.392,0.443,0.2305
0.429,0.393,0.444,0.231
0.429,0.4,0.446,0.2315
0.431,0.402,0.447,0.232
0.433,0.404,0.447,0.2325
0.433,0.406,0.448,0.233
0.434,0.406,0.448,0.2335
0.435,0.408,0.449,0.234
0.435,0.411,0.456,0.2345
0.437,0.413,0.456,0.235
0.437,0.418,0.459,0.2355
0.44,0.422,0.461,0.236
0.441,0.425,0.468,0.2365
0.442,0.427,0.471,0.237
0.444,0.429,0.471,0.2375
0.447,0.429,0.472,0.238
0.451,0.432,0.476,0.2385
0.452,0.434,0.477,0.239
0.454,0.439,0.478,0.2395
0.458,0.44,0.479,0.24
0.459,0.441,0.481,0.2405
0.461,0.444,0.483,0.241
0.463,0.444,0.485,0.2415
0.464,0.447,0.486,0.242
0.464,0.451,0.487,0.2425
0.465,0.454,0.488,0.243
0.468,0.458,0.488,0.2435
0.469,0.459,0.489,0.244
0.469,0.461,0.491,0.2445
0.476,0.463,0.495,0.245
0.476,0.463,0.497,0.2455
0.48,0.463,0.498,0.246
0.482,0.464,0.5,0.2465
0.484,0.464,0.502,0.247
0.486,0.466,0.504,0.2475
0.488,0.467,0.507,0.248
0.489,0.469,0.511,0.2485
0.493,0.471,0.511,0.249
0.497,0.474,0.515,0.2495
0.501,0.474,0.515,0.25
0.502,0.475,0.516,0.2505
0.503,0.479,0.519,0.251
0.504,0.48,0.519,0.2515
0.505,0.48,0.52,0.252
0.509,0.481,0.522,0.2525
0.513,0.481,0.523,0.253
0.515,0.481,0.524,0.2535
0.516,0.481,0.525,0.254
0.519,0.485,0.527,0.2545
0.52,0.485,0.53,0.255
0.521,0.485,0.532,0.2555
0.521,0.486,0.533,0.256
0.523,0.489,0.533,0.2565
0.526,0.49,0.537,0.257
0.529,0.49,0.54,0.2575
0.529,0.497,0.541,0.258
0.529,0.497,0.541,0.2585
0.53,0.499,0.541,0.259
0.532,0.506,0.542,0.2595
0.533,0.508,0.545,0.26
0.534,0.509,0.549,0.2605
0.536,0.509,0.551,0.261
0.538,0.513,0.554,0.2615
0.541,0.513,0.557,0.262
0.543,0.513,0.557,0.2625
0.546,0.513,0.557,0.263
0.547,0.514,0.557,0.2635
0.548,0.516,0.565,0.264
0.551,0.517,0.567,0.2645
0.553,0.518,0.569,0.265
0.554,0.52,0.572,0.2655
0.554,0.52,0.573,0.266
0.556,0.52,0.574,0.2665
0.557,0.522,0.575,0.267
0.56,0.523,0.576,0.2675
0.561,0.523,0.578,0.268
0.561,0.525,0.581,0.2685
0.562,0.526,0.582,0.269
0.562,0.531,0.583,0.2695
0.566,0.531,0.584,0.27
0.567,0.533,0.584,0.2705
0.569,0.533,0.585,0.271
0.569,0.533,0.586,0.2715
0.57,0.541,0.586,0.272
0.57,0.55,0.588,0.2725
0.572,0.554,0.589,0.273
0.579,0.556,0.59,0.2735
0.579,0.558,0.591,0.274
0.58,0.559,0.591,0.2745
0.585,0.56,0.591,0.275
0.587,0.563,0.597,0.2755
0.591,0.564,0.601,0.276
0.591,0.565,0.602,0.2765
0.596,0.566,0.604,0.277
0.596,0.566,0.606,0.2775
0.596,0.566,0.606,0.278
0.597,0.57,0.608,0.2785
0.597,0.57,0.614,0.279
0.598,0.571,0.615,0.2795
0.6,0.573,0.618,0.28
0.6,0.574,0.62,0.2805
0.605,0.578,0.621,0.281
0.606,0.578,0.623,0.2815
0.606,0.579,0.624,0.282
0.606,0.581,0.625,0.2825
0.608,0.586,0.626,0.283
0.61,0.586,0.628,0.2835
0.61,0.59,0.628,0.284
0.613,0.592,0.63,0.2845
0.617,0.593,0.635,0.285
0.619,0.593,0.635,0.2855
0.626,0.596,0.637,0.286
0.629,0.597,0.64,0.2865
0.631,0.597,0.64,0.287
0.632,0.597,0.641,0.2875
0.646,0.601,0.643,0.288
0.647,0.603,0.644,0.2885
0.647,0.606,0.646,0.289
0.657,0.607,0.648,0.2895
0.659,0.608,0.649,0.29
0.662,0.608,0.65,0.2905
0.662,0.609,0.651,0.291
0.665,0.61,0.651,0.2915
0.665,0.611,0.652,0.292
0.668,0.621,0.655,0.2925
0.669,0.622,0.656,0.293
0.675,0.623,0.657,0.2935
0.68,0.625,0.657,0.294
0.683,0.632,0.658,0.2945
0.684,0.633,0.659,0.295
0.684,0.634,0.664,0.2955
0.688,0.635,0.667,0.296
0.688,0.639,0.668,0.2965
0.689,0.64,0.669,0.297
0.691,0.642,0.67,0.2975
0.691,0.644,0.671,0.298
0.692,0.647,0.674,0.2985
0.694,0.648,0.674,0.299
0.694,0.651,0.677,0.2995
0.701,0.652,0.679,0.3
0.709,0.655,0.68,0.3005
0.709,0.657,0.688,0.301
0.71,0.657,0.691,0.3015
0.714,0.658,0.692,0.302
0.714,0.661,0.693,0.3025
0.719,0.663,0.694,0.303
0.72,0.666,0.695,0.3035
0.722,0.673,0.7,0.304
0.723,0.68,0.703,0.3045
0.724,0.68,0.704,0.305
0.725,0.682,0.705,0.3055
0.726,0.685,0.707,0.306
0.728,0.687,0.71,0.3065
0.736,0.689,0.71,0.307
0.74,0.689,0.71,0.3075
0.741,0.692,0.713,0.308
0.743,0.692,0.717,0.3085
0.753,0.693,0.718,0.309
0.754,0.696,0.718,0.3095
0.755,0.697,0.723,0.31
0.762,0.698,0.724,0.3105
0.762,0.699,0.725,0.311
0.763,0.701,0.726,0.3115
0.767,0.703,0.727,0.312
0.77,0.704,0.728,0.3125
0.77,0.705,0.728,0.313
0.771,0.707,0.729,0.3135
0.773,0.713,0.73,0.314
0.774,0.713,0.733,0.3145
0.777,0.718,0.742,0.315
0.778,0.721,0.744,0.3155
0.782,0.725,0.745,0.316
0.782,0.728,0.746,0.3165
0.783,0.729,0.749,0.317
0.783,0.732,0.749,0.3175
0.789,0.734,0.75,0.318
0.799,0.737,0.752,0.3185
0.801,0.74,0.752,0.319
0.802,0.742,0.755,0.3195
0.805,0.748,0.756,0.32
0.806,0.751,0.757,0.3205
0.806,0.754,0.758,0.321
0.807,0.756,0.759,0.3215
0.808,0.757,0.759,0.322
0.816,0.758,0.76,0.3225
0.818,0.761,0.761,0.323
0.82,0.762,0.764,0.3235
0.824,0.763,0.765,0.324
0.829,0.763,0.769,0.3245
0.832,0.763,0.769,0.325
0.837,0.766,0.772,0.3255
0.838,0.769,0.772,0.326
0.839,0.772,0.772,0.3265
0.843,0.775,0.773,0.327
0.849,0.775,0.775,0.3275
0.849,0.775,0.776,0.328
0.851,0.777,0.779,0.3285
0.852,0.779,0.779,0.329
0.853,0.78,0.786,0.3295
0.857,0.781,0.79,0.33
0.858,0.781,0.792,0.3305
0.86,0.783,0.794,0.331
0.863,0.785,0.801,0.3315
0.871,0.785,0.809,0.332
0.876,0.786,0.809,0.3325
0.881,0.787,0.811,0.333
0.882,0.789,0.812,0.3335
0.883,0.791,0.815,0.334
0.89,0.793,0.819,0.3345
0.891,0.793,0.825,0.335
0.892,0.795,0.825,0.3355
0.894,0.802,0.825,0.336
0.898,0.806,0.826,0.3365
0.91,0.808,0.828,0.337
0.91,0.811,0.828,0.3375
0.911,0.814,0.833,0.338
0.916,0.817,0.834,0.3385
0.918,0.818,0.839,0.339
0.923,0.82,0.842,0.3395
0.931,0.825,0.848,0.34
0.935,0.826,0.855,0.3405
0.943,0.828,0.856,0.341
0.945,0.83,0.857,0.3415
0.945,0.833,0.857,0.342
0.946,0.834,0.862,0.3425
0.946,0.837,0.863,0.343
0.951,0.842,0.864,0.3435
0.954,0.844,0.87,0.344
0.963,0.848,0.871,0.3445
0.966,0.849,0.871,0.345
0.968,0.856,0.872,0.3455
0.971,0.86,0.873,0.346
0.971,0.866,0.876,0.3465
0.971,0.868,0.877,0.347
0.975,0.872,0.877,0.3475
0.976,0.879,0.881,0.348
0.979,0.881,0.883,0.3485
0.979,0.881,0.884,0.349
0.979,0.886,0.884,0.3495
0.986,0.888,0.886,0.35
0.994,0.89,0.891,0.3505
1.007,0.89,0.893,0.351
1.009,0.891,0.894,0.3515
1.011,0.896,0.896,0.352
1.012,0.897,0.898,0.3525
1.016,0.904,0.901,0.353
1.018,0.906,0.905,0.3535
1.026,0.908,0.905,0.354
1.045,0.911,0.908,0.3545
1.046,0.914,0.91,0.355
1.047,0.916,0.914,0.3555
1.047,0.918,0.916,0.356
1.047,0.919,0.924,0.3565
1.051,0.919,0.927,0.357
1.058,0.922,0.928,0.3575
1.06,0.929,0.932,0.358
1.063,0.93,0.935,0.3585
1.067,0.93,0.939,0.359
1.07,0.934,0.96,0.3595
1.074,0.943,0.96,0.36
1.081,0.945,0.96,0.3605
1.093,0.949,0.963,0.361
1.103,0.95,0.968,0.3615
1.115,0.952,0.97,0.362
1.116,0.952,0.97,0.3625
1.116,0.956,0.971,0.363
1.117,0.957,0.974,0.3635
1.119,0.961,0.975,0.364
1.122,0.961,0.976,0.3645
1.131,0.964,0.976,0.365
1.133,0.97,0.978,0.3655
1.133,0.971,0.978,0.366
1.133,0.971,0.978,0.3665
1.134,0.974,0.982,0.367
1.136,0.978,0.984,0.3675
1.136,0.978,0.985,0.368
1.138,0.982,0.986,0.3685
1.14,0.985,0.989,0.369
1.147,0.987,0.989,0.3695
1.153,0.996,0.99,0.37
1.155,0.996,0.991,0.3705
1.16,1.0,0.992,0.371
1.167,1.0,0.993,0.3715
1.17,1.014,1.003,0.372
1.173,1.018,1.004,0.3725
1.181,1.019,1.005,0.373
1.181,1.022,1.007,0.3735
1.182,1.023,1.008,0.374
1.183,1.023,1.01,0.3745
1.184,1.024,1.012,0.375
1.201,1.027,1.013,0.3755
1.204,1.031,1.014,0.376
1.205,1.031,1.016,0.3765
1.211,1.033,1.016,0.377
1.213,1.033,1.016,0.3775
1.218,1.035,1.018,0.378
1.223,1.037,1.028,0.3785
1.226,1.039,1.028,0.379
1.227,1.044,1.042,0.3795
1.228,1.051,1.044,0.38
1.23,1.057,1.047,0.3805
1.23,1.062,1.048,0.381
1.231,1.069,1.054,0.3815
1.233,1.08,1.054,0.382
1.239,1.081,1.054,0.3825
1.239,1.081,1.055,0.383
1.251,1.087,1.055,0.3835
1.276,1.087,1.058,0.384
1.276,1.088,1.063,0.3845
1.278,1.097,1.065,0.385
1.284,1.098,1.067,0.3855
1.287,1.101,1.069,0.386
1.291,1.102,1.076,0.3865
1.293,1.106,1.077,0.387
1.299,1.108,1.079,0.3875
1.305,1.11,1.087,0.388
1.324,1.11,1.088,0.3885
1.324,1.117,1.088,0.389
1.325,1.117,1.091,0.3895
1.333,1.119,1.094,0.39
1.333,1.121,1.094,0.3905
1.337,1.125,1.095,0.391
1.338,1.134,1.1,0.3915
1.344,1.136,1.106,0.392
1.348,1.136,1.111,0.3925
1.348,1.137,1.111,0.393
1.352,1.137,1.111,0.3935
1.353,1.137,1.116,0.394
1.363,1.139,1.119,0.3945
1.366,1.143,1.121,0.395
1.368,1.148,1.122,0.3955
1.374,1.149,1.124,0.396
1.374,1.152,1.124,0.3965
1.38,1.156,1.127,0.397
1.38,1.157,1.129,0.3975
1.382,1.158,1.13,0.398
1.384,1.161,1.131,0.3985
1.39,1.161,1.133,0.399
1.402,1.161,1.133,0.3995
1.403,1.161,1.14,0.4
1.421,1.169,1.14,0.4005
1.424,1.169,1.142,0.401
1.424,1.18,1.15,0.4015
1.434,1.184,1.151,0.402
1.438,1.185,1.154,0.4025
1.442,1.185,1.16,0.403
1.442,1.185,1.174,0.4035
1.443,1.19,1.175,0.404
1.45,1.193,1.176,0.4045
1.456,1.194,1.179,0.405
1.463,1.201,1.182,0.4055
1.481,1.203,1.185,0.406
1.482,1.211,1.191,0.4065
1.492,1.213,1.193,0.407
1.494,1.215,1.194,0.4075
1.5,1.225,1.195,0.408
1.503,1.228,1.203,0.4085
1.506,1.229,1.204,0.409
1.509,1.232,1.204,0.4095
1.521,1.242,1.207,0.41
1.532,1.242,1.209,0.4105
1.537,1.248,1.21,0.411
1.544,1.249,1.215,0.4115
1.55,1.253,1.217,0.412
1.554,1.254,1.217,0.4125
1.56,1.255,1.218,0.413
1.56,1.257,1.219,0.4135
1.561,1.258,1.222,0.414
1.563,1.265,1.222,0.4145
1.567,1.267,1.222,0.415
1.572,1.275,1.223,0.4155
1.576,1.275,1.223,0.416
1.582,1.275,1.224,0.4165
1.588,1.282,1.224,0.417
1.597,1.282,1.226,0.4175
1.597,1.293,1.226,0.418
1.611,1.293,1.232,0.4185
1.613,1.295,1.235,0.419
1.618,1.302,1.235,0.4195
1.627,1.302,1.242,0.42
1.63,1.304,1.244,0.4205
1.631,1.305,1.246,0.421
1.635,1.313,1.249,0.4215
1.636,1.324,1.25,0.422
1.642,1.325,1.251,0.4225
1.648,1.326,1.26,0.423
1.65,1.329,1.263,0.4235
1.65,1.332,1.273,0.424
1.653,1.334,1.274,0.4245
1.665,1.335,1.274,0.425
1.665,1.338,1.28,0.4255
1.667,1.342,1.282,0.426
1.673,1.345,1.282,0.4265
1.677,1.348,1.283,0.427
1.683,1.35,1.283,0.4275
1.688,1.351,1.284,0.428
1.692,1.352,1.29,0.4285
1.693,1.362,1.291,0.429
1.694,1.365,1.292,0.4295
1.698,1.368,1.293,0.43
1.705,1.371,1.296,0.4305
1.707,1.373,1.299,0.431
1.707,1.374,1.302,0.4315
1.708,1.375,1.304,0.432
1.71,1.38,1.305,0.4325
1.718,1.4,1.306,0.433
1.72,1.4,1.308,0.4335
1.722,1.403,1.308,0.434
1.737,1.409,1.311,0.4345
1.744,1.411,1.311,0.435
1.747,1.419,1.313,0.4355
1.747,1.425,1.313,0.436
1.759,1.431,1.316,0.4365
1.763,1.432,1.318,0.437
1.765,1.436,1.326,0.4375
1.787,1.44,1.332,0.438
1.789,1.445,1.333,0.4385
1.791,1.449,1.337,0.439
1.793,1.453,1.341,0.4395
1.794,1.454,1.347,0.44
1.812,1.46,1.348,0.4405
1.816,1.466,1.353,0.441
1.834,1.467,1.357,0.4415
1.835,1.469,1.36,0.442
1.853,1.477,1.36,0.4425
1.864,1.479,1.361,0.443
1.867,1.482,1.363,0.4435
1.881,1.486,1.364,0.444
1.884,1.492,1.364,0.4445
1.885,1.493,1.365,0.445
1.895,1.494,1.368,0.4455
1.899,1.499,1.373,0.446
1.903,1.501,1.376,0.4465
1.906,1.503,1.382,0.447
1.91,1.507,1.386,0.4475
1.911,1.512,1.394,0.448
1.925,1.514,1.395,0.4485
1.926,1.526,1.395,0.449
1.938,1.53,1.399,0.4495
1.941,1.531,1.407,0.45
1.944,1.531,1.409,0.4505
1.952,1.538,1.41,0.451
1.971,1.542,1.412,0.4515
1.972,1.549,1.412,0.452
1.972,1.551,1.413,0.4525
1.984,1.553,1.413,0.453
1.998,1.555,1.418,0.4535
2.017,1.555,1.423,0.454
2.021,1.562,1.426,0.4545
2.027,1.565,1.429,0.455
2.056,1.572,1.429,0.4555
2.059,1.577,1.429,0.456
2.062,1.577,1.432,0.4565
2.064,1.58,1.436,0.457
2.068,1.581,1.437,0.4575
2.072,1.592,1.44,0.458
2.075,1.592,1.454,0.4585
2.084,1.603,1.456,0.459
2.085,1.603,1.459,0.4595
2.087,1.604,1.46,0.46
2.087,1.608,1.464,0.4605
2.091,1.61,1.467,0.461
2.095,1.613,1.468,0.4615
2.096,1.62,1.468,0.462
2.105,1.622,1.472,0.4625
2.108,1.624,1.474,0.463
2.11,1.624,1.475,0.4635
2.126,1.636,1.478,0.464
2.132,1.643,1.486,0.4645
2.153,1.649,1.488,0.465
2.163,1.653,1.49,0.4655
2.17,1.654,1.49,0.466
2.17,1.662,1.491,0.4665
2.178,1.667,1.493,0.467
2.178,1.669,1.493,0.4675
2.187,1.674,1.494,0.468
2.2,1.674,1.499,0.4685
2.21,1.676,1.501,0.469
2.225,1.683,1.502,0.4695
2.228,1.683,1.505,0.47
2.239,1.686,1.506,0.4705
2.249,1.692,1.519,0.471
2.271,1.701,1.519,0.4715
2.275,1.716,1.521,0.472
2.286,1.725,1.523,0.4725
2.291,1.73,1.526,0.473
2.301,1.731,1.528,0.4735
2.31,1.737,1.533,0.474
2.316,1.738,1.536,0.4745
2.332,1.742,1.537,0.475
2.344,1.744,1.539,0.4755
2.351,1.745,1.549,0.476
2.361,1.749,1.55,0.4765
2.377,1.749,1.552,0.477
2.383,1.751,1.558,0.4775
2.419,1.753,1.559,0.478
2.419,1.758,1.559,0.4785
2.423,1.769,1.565,0.479
2.433,1.771,1.57,0.4795
2.439,1.781,1.57,0.48
2.44,1.785,1.571,0.4805
2.443,1.786,1.577,0.481
2.447,1.787,1.579,0.4815
2.447,1.794,1.588,0.482
2.456,1.795,1.588,0.4825
2.459,1.795,1.59,0.483
2.46,1.804,1.594,0.4835
2.479,1.807,1.602,0.484
2.494,1.812,1.607,0.4845
2.505,1.812,1.607,0.485
2.523,1.816,1.608,0.4855
2.533,1.822,1.609,0.486
2.541,1.822,1.61,0.4865
2.543,1.824,1.611,0.487
2.549,1.826,1.611,0.4875
2.55,1.826,1.617,0.488
2.558,1.826,1.622,0.4885
2.562,1.833,1.625,0.489
2.565,1.835,1.628,0.4895
2.565,1.846,1.628,0.49
2.577,1.856,1.632,0.4905
2.584,1.856,1.633,0.491
2.589,1.859,1.635,0.4915
2.597,1.867,1.638,0.492
2.597,1.869,1.64,0.4925
2.606,1.869,1.641,0.493
2.619,1.869,1.644,0.4935
2.629,1.87,1.648,0.494
2.629,1.873,1.649,0.4945
2.664,1.874,1.651,0.495
2.67,1.874,1.654,0.4955
2.67,1.876,1.656,0.496
2.678,1.878,1.663,0.4965
2.681,1.878,1.668,0.497
2.738,1.883,1.672,0.4975
2.741,1.887,1.672,0.498
2.757,1.887,1.674,0.4985
2.774,1.888,1.675,0.499
2.78,1.891,1.68,0.4995
2.8,1.906,1.682,0.5
2.806,1.907,1.682,0.5005
2.812,1.909,1.683,0.501
2.814,1.913,1.69,0.5015
2.816,1.913,1.701,0.502
2.818,1.916,1.709,0.5025
2.834,1.92,1.712,0.503
2.842,1.92,1.713,0.5035
2.87,1.928,1.714,0.504
2.903,1.939,1.719,0.5045
2.909,1.952,1.724,0.505
2.917,1.952,1.736,0.5055
2.923,1.952,1.743,0.506
2.924,1.959,1.753,0.5065
2.935,1.96,1.76,0.507
2.94,1.96,1.766,0.5075
2.962,1.972,1.772,0.508
2.966,1.972,1.772,0.5085
2.971,1.973,1.772,0.509
2.98,1.974,1.776,0.5095
2.98,1.977,1.78,0.51
2.989,1.978,1.78,0.5105
2.999,1.979,1.785,0.511
3.006,1.979,1.801,0.5115
3.043,1.982,1.801,0.512
3.044,1.985,1.803,0.5125
3.044,1.987,1.804,0.513
3.058,1.988,1.805,0.5135
3.065,1.988,1.808,0.514
3.069,1.993,1.811,0.5145
3.084,1.995,1.811,0.515
3.091,1.997,1.812,0.5155
3.093,2.001,1.821,0.516
3.094,2.004,1.822,0.5165
3.104,2.01,1.823,0.517
3.107,2.011,1.823,0.5175
3.122,2.017,1.826,0.518
3.162,2.02,1.829,0.5185
3.171,2.02,1.83,0.519
3.171,2.023,1.831,0.5195
3.176,2.03,1.837,0.52
3.178,2.037,1.846,0.5205
3.181,2.05,1.846,0.521
3.183,2.051,1.847,0.5215
3.186,2.051,1.848,0.522
3.194,2.055,1.851,0.5225
3.198,2.057,1.856,0.523
3.243,2.058,1.857,0.5235
3.247,2.08,1.857,0.524
3.284,2.081,1.858,0.5245
3.291,2.094,1.86,0.525
3.298,2.094,1.865,0.5255
3.308,2.098,1.866,0.526
3.315,2.103,1.867,0.5265
3.317,2.105,1.867,0.527
3.326,2.109,1.87,0.5275
3.331,2.12,1.872,0.528
3.333,2.123,1.872,0.5285
3.343,2.129,1.877,0.529
3.355,2.135,1.88,0.5295
3.37,2.141,1.882,0.53
3.375,2.142,1.885,0.5305
3.447,2.149,1.885,0.531
3.461,2.149,1.892,0.5315
3.464,2.151,1.917,0.532
3.47,2.153,1.92,0.5325
3.494,2.154,1.922,0.533
3.504,2.156,1.922,0.5335
3.509,2.162,1.922,0.534
3.513,2.175,1.924,0.5345
3.524,2.178,1.924,0.535
3.539,2.181,1.924,0.5355
3.556,2.186,1.924,0.536
3.557,2.19,1.926,0.5365
3.566,2.195,1.937,0.537
3.571,2.2,1.95,0.5375
3.584,2.21,1.951,0.538
3.588,2.226,1.954,0.5385
3.588,2.247,1.956,0.539
3.595,2.261,1.963,0.5395
3.619,2.264,1.963,0.54
3.65,2.269,1.967,0.5405
3.655,2.277,1.969,0.541
3.658,2.281,1.977,0.5415
3.757,2.283,1.978,0.542
3.758,2.285,1.98,0.5425
3.765,2.293,1.983,0.543
3.776,2.296,1.989,0.5435
3.788,2.304,1.99,0.544
3.79,2.333,1.996,0.5445
3.803,2.335,2.001,0.545
3.806,2.339,2.014,0.5455
3.806,2.347,2.014,0.546
3.811,2.347,2.02,0.5465
3.82,2.352,2.024,0.547
3.833,2.353,2.025,0.5475
3.839,2.353,2.04,0.548
3.87,2.369,2.042,0.5485
3.874,2.37,2.044,0.549
3.885,2.372,2.052,0.5495
3.885,2.373,2.057,0.55
3.887,2.376,2.057,0.5505
3.903,2.38,2.064,0.551
3.911,2.387,2.066,0.5515
3.925,2.392,2.067,0.552
3.96,2.393,2.069,0.5525
3.964,2.403,2.08,0.553
3.974,2.409,2.088,0.5535
3.984,2.412,2.099,0.554
3.989,2.413,2.101,0.5545
3.991,2.421,2.101,0.555
4.034,2.423,2.105,0.5555
4.041,2.426,2.107,0.556
4.047,2.428,2.115,0.5565
4.05,2.435,2.116,0.557
4.066,2.448,2.118,0.5575
4.095,2.452,2.122,0.558
4.104,2.458,2.123,0.5585
4.131,2.467,2.127,0.559
4.131,2.468,2.129,0.5595
4.15,2.476,2.131,0.56
4.159,2.478,2.132,0.5605
4.162,2.479,2.136,0.561
4.164,2.48,2.136,0.5615
4.192,2.487,2.138,0.562
4.199,2.493,2.139,0.5625
4.225,2.504,2.14,0.563
4.272,2.515,2.15,0.5635
4.272,2.517,2.152,0.564
4.303,2.52,2.158,0.5645
4.318,2.525,2.159,0.565
4.318,2.529,2.18,0.5655
4.337,2.531,2.183,0.566
4.352,2.531,2.188,0.5665
4.394,2.548,2.19,0.567
4.405,2.554,2.204,0.5675
4.406,2.557,2.205,0.568
4.406,2.56,2.205,0.5685
4.408,2.563,2.208,0.569
4.423,2.567,2.224,0.5695
4.427,2.576,2.225,0.57
4.449,2.59,2.234,0.5705
4.454,2.595,2.234,0.571
4.457,2.601,2.235,0.5715
4.461,2.605,2.236,0.572
4.473,2.62,2.238,0.5725
4.474,2.637,2.239,0.573
4.479,2.642,2.245,0.5735
4.484,2.649,2.245,0.574
4.489,2.651,2.245,0.5745
4.495,2.654,2.254,0.575
4.506,2.657,2.265,0.5755
4.546,2.659,2.286,0.576
4.581,2.663,2.288,0.5765
4.608,2.663,2.29,0.577
4.619,2.669,2.303,0.5775
4.648,2.693,2.325,0.578
4.679,2.694,2.35,0.5785
4.681,2.712,2.352,0.579
4.709,2.715,2.353,0.5795
4.735,2.723,2.358,0.58
4.751,2.729,2.371,0.5805
4.758,2.738,2.397,0.581
4.77,2.742,2.403,0.5815
4.783,2.748,2.409,0.582
4.792,2.748,2.416,0.5825
4.795,2.752,2.417,0.583
4.798,2.754,2.418,0.5835
4.815,2.756,2.426,0.584
4.815,2.759,2.427,0.5845
4.831,2.777,2.427,0.585
4.861,2.779,2.434,0.5855
4.877,2.789,2.438,0.586
4.916,2.79,2.448,0.5865
4.921,2.792,2.462,0.587
4.929,2.794,2.464,0.5875
4.937,2.797,2.469,0.588
4.941,2.797,2.472,0.5885
4.943,2.823,2.479,0.589
4.959,2.823,2.482,0.5895
4.962,2.829,2.489,0.59
4.963,2.83,2.491,0.5905
4.978,2.836,2.508,0.591
4.992,2.848,2.512,0.5915
5.008,2.858,2.514,0.592
5.018,2.866,2.514,0.5925
5.023,2.867,2.53,0.593
5.065,2.892,2.538,0.5935
5.078,2.903,2.541,0.594
5.08,2.907,2.546,0.5945
5.081,2.909,2.549,0.595
5.087,2.909,2.56,0.5955
5.109,2.91,2.564,0.596
5.113,2.93,2.567,0.5965
5.132,2.933,2.568,0.597
5.134,2.941,2.569,0.5975
5.148,2.947,2.574,0.598
5.148,2.961,2.577,0.5985
5.164,2.963,2.592,0.599
5.173,2.966,2.593,0.5995
5.175,2.977,2.596,0.6
5.187,2.977,2.625,0.6005
5.189,2.981,2.637,0.601
5.213,2.983,2.64,0.6015
5.213,2.991,2.641,0.602
5.224,3.021,2.642,0.6025
5.259,3.023,2.646,0.603
5.265,3.026,2.647,0.6035
5.267,3.029,2.659,0.604
5.298,3.036,2.668,0.6045
5.332,3.037,2.675,0.605
5.349,3.039,2.687,0.6055
5.355,3.039,2.687,0.606
5.359,3.06,2.695,0.6065
5.383,3.063,2.701,0.607
5.407,3.071,2.707,0.6075
5.432,3.078,2.708,0.608
5.483,3.078,2.73,0.6085
5.491,3.08,2.755,0.609
5.509,3.09,2.771,0.6095
5.516,3.103,2.772,0.61
5.53,3.104,2.774,0.6105
5.586,3.137,2.784,0.611
5.594,3.143,2.799,0.6115
5.612,3.145,2.817,0.612
5.621,3.149,2.819,0.6125
5.642,3.153,2.827,0.613
5.659,3.164,2.835,0.6135
5.724,3.167,2.855,0.614
5.756,3.167,2.872,0.6145
5.764,3.17,2.878,0.615
5.767,3.182,2.882,0.6155
5.782,3.198,2.885,0.616
5.837,3.205,2.901,0.6165
5.838,3.207,2.904,0.617
5.86,3.207,2.906,0.6175
5.867,3.213,2.913,0.618
5.936,3.219,2.924,0.6185
5.938,3.221,2.925,0.619
5.971,3.225,2.935,0.6195
5.987,3.225,2.94,0.62
6.0,3.231,2.961,0.6205
6.004,3.233,2.968,0.621
6.036,3.234,2.971,0.6215
6.064,3.234,2.973,0.622
6.066,3.235,2.975,0.6225
6.071,3.236,2.976,0.623
6.102,3.239,2.987,0.6235
6.12,3.258,2.992,0.624
6.136,3.261,2.992,0.6245
6.153,3.274,2.995,0.625
6.179,3.274,2.996,0.6255
6.182,3.275,3.001,0.626
6.197,3.278,3.003,0.6265
6.206,3.279,3.01,0.627
6.207,3.283,3.011,0.6275
6.213,3.287,3.016,0.628
6.223,3.287,3.021,0.6285
6.231,3.292,3.033,0.629
6.251,3.295,3.039,0.6295
6.281,3.299,3.065,0.63
6.293,3.302,3.069,0.6305
6.301,3.304,3.09,0.631
6.307,3.324,3.094,0.6315
6.312,3.327,3.095,0.632
6.323,3.342,3.097,0.6325
6.346,3.361,3.108,0.633
6.36,3.381,3.109,0.6335
6.368,3.385,3.133,0.634
6.378,3.388,3.139,0.6345
6.389,3.392,3.143,0.635
6.39,3.394,3.146,0.6355
6.392,3.396,3.149,0.636
6.403,3.397,3.159,0.6365
6.407,3.403,3.168,0.637
6.461,3.407,3.169,0.6375
6.465,3.417,3.189,0.638
6.488,3.448,3.189,0.6385
6.52,3.454,3.194,0.639
6.528,3.457,3.203,0.6395
6.573,3.475,3.21,0.64
6.577,3.489,3.211,0.6405
6.585,3.493,3.212,0.641
6.585,3.51,3.217,0.6415
6.594,3.537,3.228,0.642
6.612,3.54,3.232,0.6425
6.649,3.554,3.235,0.643
6.649,3.573,3.235,0.6435
6.682,3.598,3.236,0.644
6.73,3.603,3.241,0.6445
6.731,3.607,3.262,0.645
6.74,3.609,3.262,0.6455
6.758,3.609,3.265,0.646
6.77,3.61,3.266,0.6465
6.788,3.615,3.271,0.647
6.793,3.637,3.271,0.6475
6.796,3.648,3.273,0.648
6.85,3.65,3.28,0.6485
6.857,3.665,3.292,0.649
6.881,3.669,3.294,0.6495
6.896,3.674,3.298,0.65
6.902,3.679,3.298,0.6505
6.915,3.683,3.303,0.651
6.92,3.704,3.304,0.6515
6.951,3.707,3.317,0.652
6.992,3.725,3.332,0.6525
7.02,3.727,3.339,0.653
7.035,3.734,3.339,0.6535
7.064,3.742,3.343,0.654
7.086,3.746,3.373,0.6545
7.089,3.755,3.394,0.655
7.099,3.773,3.402,0.6555
7.105,3.793,3.405,0.656
7.106,3.794,3.416,0.6565
7.112,3.798,3.42,0.657
7.14,3.802,3.425,0.6575
7.147,3.81,3.44,0.658
7.164,3.823,3.454,0.6585
7.199,3.829,3.454,0.659
7.244,3.83,3.457,0.6595
7.249,3.849,3.46,0.66
7.257,3.856,3.462,0.6605
7.258,3.858,3.463,0.661
7.265,3.858,3.464,0.6615
7.266,3.869,3.466,0.662
7.295,3.878,3.471,0.6625
7.3,3.879,3.482,0.663
7.306,3.898,3.49,0.6635
7.311,3.9,3.497,0.664
7.318,3.925,3.502,0.6645
7.324,3.939,3.503,0.665
7.326,3.948,3.506,0.6655
7.358,3.95,3.515,0.666
7.381,3.958,3.527,0.6665
7.392,3.962,3.53,0.667
7.448,3.965,3.533,0.6675
7.495,3.991,3.546,0.668
7.515,4.024,3.553,0.6685
7.517,4.045,3.556,0.669
7.542,4.054,3.556,0.6695
7.606,4.096,3.559,0.67
7.61,4.127,3.56,0.6705
7.668,4.128,3.571,0.671
7.673,4.136,3.589,0.6715
7.686,4.138,3.59,0.672
7.711,4.141,3.592,0.6725
7.728,4.166,3.595,0.673
7.778,4.181,3.596,0.6735
7.805,4.19,3.601,0.674
7.839,4.215,3.604,0.6745
7.845,4.249,3.606,0.675
7.845,4.305,3.612,0.6755
7.847,4.306,3.617,0.676
7.883,4.327,3.619,0.6765
7.889,4.33,3.629,0.677
7.898,4.343,3.636,0.6775
7.997,4.36,3.639,0.678
8.002,4.367,3.652,0.6785
8.037,4.372,3.654,0.679
8.05,4.374,3.675,0.6795
8.063,4.419,3.686,0.68
8.098,4.429,3.689,0.6805
8.114,4.435,3.696,0.681
8.155,4.464,3.699,0.6815
8.201,4.474,3.7,0.682
8.205,4.475,3.701,0.6825
8.217,4.482,3.705,0.683
8.22,4.49,3.705,0.6835
8.247,4.503,3.725,0.684
8.268,4.506,3.743,0.6845
8.271,4.542,3.75,0.685
8.293,4.571,3.754,0.6855
8.314,4.578,3.756,0.686
8.336,4.579,3.761,0.6865
8.365,4.581,3.77,0.687
8.376,4.583,3.777,0.6875
8.383,4.587,3.787,0.688
8.398,4.589,3.79,0.6885
8.539,4.599,3.797,0.689
8.541,4.647,3.803,0.6895
8.554,4.673,3.811,0.69
8.618,4.674,3.813,0.6905
8.624,4.679,3.817,0.691
8.655,4.699,3.821,0.6915
8.665,4.703,3.823,0.692
8.697,4.725,3.823,0.6925
8.706,4.727,3.828,0.693
8.723,4.738,3.828,0.6935
8.728,4.747,3.834,0.694
8.831,4.761,3.838,0.6945
8.947,4.779,3.84,0.695
8.975,4.789,3.852,0.6955
9.004,4.804,3.857,0.696
9.01,4.812,3.859,0.6965
9.041,4.843,3.866,0.697
9.087,4.861,3.876,0.6975
9.115,4.864,3.893,0.698
9.132,4.877,3.918,0.6985
9.2,4.88,3.94,0.699
9.237,4.909,3.961,0.6995
9.257,4.949,3.967,0.7
9.265,4.98,3.97,0.7005
9.273,5.013,3.984,0.701
9.303,5.021,3.991,0.7015
9.351,5.021,3.993,0.702
9.388,5.021,3.996,0.7025
9.427,5.038,3.999,0.703
9.476,5.058,4.016,0.7035
9.48,5.062,4.026,0.704
9.543,5.065,4.028,0.7045
9.549,5.087,4.029,0.705
9.549,5.099,4.034,0.7055
9.566,5.106,4.035,0.706
9.574,5.108,4.04,0.7065
9.594,5.122,4.047,0.707
9.606,5.125,4.047,0.7075
9.691,5.137,4.051,0.708
9.772,5.185,4.057,0.7085
9.785,5.218,4.096,0.709
9.822,5.233,4.101,0.7095
9.827,5.234,4.113,0.71
9.881,5.253,4.118,0.7105
9.892,5.282,4.118,0.711
9.903,5.289,4.123,0.7115
9.931,5.293,4.141,0.712
9.963,5.302,4.156,0.7125
10.0,5.305,4.19,0.713
10.022,5.328,4.198,0.7135
10.026,5.331,4.227,0.714
10.17,5.334,4.227,0.7145
10.231,5.351,4.228,0.715
10.26,5.365,4.239,0.7155
10.266,5.379,4.242,0.716
10.3,5.39,4.246,0.7165
10.31,5.4,4.251,0.717
10.37,5.406,4.262,0.7175
10.38,5.433,4.27,0.718
10.45,5.44,4.275,0.7185
10.506,5.468,4.28,0.719
10.618,5.512,4.28,0.7195
10.623,5.528,4.295,0.72
10.665,5.535,4.296,0.7205
10.697,5.545,4.306,0.721
10.699,5.563,4.309,0.7215
10.725,5.564,4.312,0.722
10.731,5.58,4.328,0.7225
10.733,5.585,4.332,0.723
10.74,5.59,4.348,0.7235
10.852,5.597,4.373,0.724
10.929,5.599,4.387,0.7245
10.934,5.612,4.392,0.725
10.951,5.621,4.394,0.7255
11.169,5.621,4.404,0.726
11.242,5.644,4.404,0.7265
11.243,5.648,4.412,0.727
11.275,5.659,4.42,0.7275
11.28,5.694,4.425,0.728
11.286,5.699,4.427,0.7285
11.295,5.706,4.431,0.729
11.322,5.726,4.44,0.7295
11.338,5.728,4.447,0.73
11.356,5.736,4.473,0.7305
11.399,5.749,4.488,0.731
11.402,5.757,4.489,0.7315
11.435,5.758,4.49,0.732
11.507,5.777,4.507,0.7325
11.659,5.78,4.509,0.733
11.694,5.781,4.514,0.7335
11.717,5.785,4.523,0.734
11.742,5.795,4.554,0.7345
11.75,5.798,4.561,0.735
11.767,5.81,4.568,0.7355
11.817,5.81,4.598,0.736
11.829,5.829,4.611,0.7365
11.838,5.882,4.613,0.737
11.865,5.895,4.616,0.7375
11.904,5.912,4.623,0.738
11.911,5.927,4.653,0.7385
11.919,5.945,4.685,0.739
11.926,5.963,4.707,0.7395
11.968,5.967,4.715,0.74
11.975,5.986,4.718,0.7405
12.028,5.997,4.718,0.741
12.084,6.01,4.723,0.7415
12.111,6.032,4.737,0.742
12.128,6.037,4.758,0.7425
12.192,6.056,4.769,0.743
12.395,6.069,4.77,0.7435
12.404,6.074,4.774,0.744
12.417,6.102,4.788,0.7445
12.568,6.111,4.793,0.745
12.6,6.115,4.809,0.7455
12.624,6.117,4.82,0.746
12.698,6.124,4.85,0.7465
12.818,6.132,4.875,0.747
12.852,6.138,4.897,0.7475
12.858,6.143,4.903,0.748
12.858,6.165,4.903,0.7485
13.001,6.174,4.914,0.749
13.024,6.201,4.92,0.7495
13.049,6.218,4.941,0.75
13.056,6.241,4.941,0.7505
13.056,6.245,4.952,0.751
13.06,6.245,4.958,0.7515
13.081,6.257,4.966,0.752
13.105,6.258,4.977,0.7525
13.109,6.26,4.99,0.753
13.12,6.272,5.005,0.7535
13.122,6.276,5.005,0.754
13.23,6.303,5.011,0.7545
13.311,6.325,5.024,0.755
13.393,6.331,5.026,0.7555
13.427,6.354,5.036,0.756
13.47,6.377,5.045,0.7565
13.528,6.392,5.05,0.757
13.574,6.477,5.071,0.7575
13.59,6.499,5.071,0.758
13.824,6.517,5.09,0.7585
13.854,6.541,5.092,0.759
13.9,6.551,5.098,0.7595
13.926,6.611,5.098,0.76
13.927,6.62,5.098,0.7605
13.983,6.629,5.1,0.761
14.01,6.631,5.1,0.7615
14.081,6.642,5.114,0.762
14.231,6.669,5.137,0.7625
14.238,6.68,5.146,0.763
14.24,6.683,5.156,0.7635
14.314,6.69,5.175,0.764
14.337,6.708,5.189,0.7645
14.437,6.735,5.193,0.765
14.438,6.735,5.194,0.7655
14.5,6.774,5.201,0.766
14.521,6.782,5.214,0.7665
14.612,6.785,5.22,0.767
14.636,6.788,5.244,0.7675
14.641,6.803,5.253,0.768
14.665,6.841,5.275,0.7685
14.697,6.859,5.276,0.769
14.721,6.876,5.277,0.7695
14.775,6.895,5.293,0.77
14.785,6.934,5.296,0.7705
14.797,6.99,5.298,0.771
14.834,6.994,5.31,0.7715
14.844,7.062,5.312,0.772
14.904,7.069,5.316,0.7725
14.994,7.112,5.317,0.773
15.049,7.121,5.326,0.7735
15.071,7.163,5.327,0.774
15.143,7.202,5.35,0.7745
15.159,7.212,5.363,0.775
15.237,7.216,5.407,0.7755
15.311,7.224,5.419,0.776
15.338,7.233,5.424,0.7765
15.414,7.276,5.441,0.777
15.486,7.288,5.443,0.7775
15.519,7.362,5.485,0.778
15.554,7.369,5.487,0.7785
15.591,7.381,5.493,0.779
15.593,7.403,5.507,0.7795
15.597,7.404,5.508,0.78
15.604,7.41,5.518,0.7805
15.639,7.422,5.519,0.781
15.657,7.423,5.52,0.7815
15.719,7.469,5.522,0.782
15.72,7.475,5.548,0.7825
15.751,7.513,5.55,0.783
15.761,7.516,5.575,0.7835
15.842,7.524,5.587,0.784
15.845,7.559,5.603,0.7845
15.869,7.567,5.607,0.785
15.87,7.605,5.609,0.7855
16.159,7.653,5.615,0.786
16.171,7.67,5.618,0.7865
16.18,7.71,5.619,0.787
16.184,7.712,5.643,0.7875
16.195,7.715,5.655,0.788
16.222,7.733,5.665,0.7885
16.232,7.739,5.678,0.789
16.233,7.754,5.696,0.7895
16.233,7.767,5.703,0.79
16.33,7.81,5.727,0.7905
16.357,7.816,5.738,0.791
16.387,7.819,5.751,0.7915
16.4,7.86,5.776,0.792
16.441,7.864,5.807,0.7925
16.58,7.93,5.822,0.793
16.613,7.957,5.825,0.7935
16.687,7.97,5.832,0.794
16.72,7.977,5.835,0.7945
16.734,7.994,5.842,0.795
16.966,8.003,5.845,0.7955
16.986,8.004,5.861,0.796
16.994,8.048,5.861,0.7965
17.031,8.097,5.863,0.797
17.067,8.139,5.889,0.7975
17.176,8.146,5.897,0.798
17.202,8.149,5.898,0.7985
17.233,8.187,5.898,0.799
17.389,8.19,5.901,0.7995
17.694,8.217,5.909,0.8
17.734,8.246,5.937,0.8005
17.802,8.288,5.958,0.801
17.855,8.292,5.959,0.8015
17.898,8.3,5.96,0.802
17.937,8.327,6.003,0.8025
17.99,8.367,6.012,0.803
18.202,8.385,6.021,0.8035
18.224,8.526,6.037,0.804
18.251,8.575,6.042,0.8045
18.362,8.584,6.066,0.805
18.472,8.598,6.084,0.8055
18.729,8.604,6.126,0.806
18.81,8.633,6.134,0.8065
19.152,8.638,6.134,0.807
19.634,8.665,6.156,0.8075
19.658,8.768,6.191,0.808
19.768,8.807,6.205,0.8085
19.797,8.825,6.207,0.809
19.799,8.835,6.273,0.8095
19.799,8.84,6.304,0.81
19.823,8.868,6.304,0.8105
19.866,8.881,6.351,0.811
19.871,8.897,6.375,0.8115
19.944,8.949,6.382,0.812
19.966,9.039,6.385,0.8125
20.046,9.048,6.4,0.813
20.101,9.061,6.419,0.8135
20.127,9.081,6.428,0.814
20.271,9.112,6.43,0.8145
20.309,9.126,6.435,0.815
20.36,9.128,6.451,0.8155
20.51,9.141,6.459,0.816
20.523,9.148,6.463,0.8165
20.548,9.164,6.466,0.817
20.578,9.244,6.5,0.8175
20.724,9.293,6.511,0.818
20.75,9.293,6.53,0.8185
20.897,9.304,6.531,0.819
20.949,9.307,6.533,0.8195
21.053,9.334,6.534,0.82
21.055,9.341,6.541,0.8205
21.065,9.362,6.547,0.821
21.101,9.364,6.564,0.8215
21.16,9.422,6.585,0.822
21.165,9.427,6.607,0.8225
21.216,9.431,6.612,0.823
21.266,9.445,6.613,0.8235
21.556,9.449,6.618,0.824
21.6,9.524,6.619,0.8245
21.65,9.529,6.652,0.825
21.679,9.578,6.672,0.8255
21.732,9.63,6.687,0.826
21.806,9.662,6.702,0.8265
22.003,9.682,6.731,0.827
22.216,9.71,6.738,0.8275
22.225,9.713,6.745,0.828
22.266,9.792,6.757,0.8285
22.308,9.826,6.763,0.829
22.334,9.898,6.819,0.8295
22.496,9.913,6.879,0.83
22.585,9.946,6.899,0.8305
22.593,9.957,6.902,0.831
22.607,9.984,6.921,0.8315
22.628,10.017,6.938,0.832
22.688,10.024,6.938,0.8325
22.704,10.059,6.944,0.833
22.763,10.069,6.959,0.8335
22.8,10.107,6.964,0.834
22.816,10.155,7.005,0.8345
22.898,10.191,7.048,0.835
23.007,10.205,7.1,0.8355
23.067,10.218,7.118,0.836
23.142,10.219,7.136,0.8365
23.314,10.22,7.15,0.837
23.477,10.225,7.169,0.8375
23.505,10.292,7.171,0.838
23.662,10.314,7.171,0.8385
23.698,10.338,7.184,0.839
23.909,10.356,7.186,0.8395
24.024,10.36,7.202,0.84
24.086,10.39,7.217,0.8405
24.179,10.404,7.225,0.841
24.24,10.497,7.267,0.8415
24.257,10.573,7.268,0.842
24.272,10.574,7.271,0.8425
24.273,10.632,7.273,0.843
24.292,10.647,7.281,0.8435
24.423,10.648,7.292,0.844
24.475,10.715,7.309,0.8445
24.736,10.718,7.333,0.845
24.754,10.771,7.388,0.8455
25.053,10.775,7.41,0.846
25.127,10.785,7.485,0.8465
25.353,10.842,7.512,0.847
25.369,10.876,7.537,0.8475
25.388,10.889,7.541,0.848
25.427,10.927,7.544,0.8485
25.602,10.983,7.56,0.849
25.688,11.061,7.566,0.8495
25.738,11.119,7.585,0.85
25.96,11.167,7.617,0.8505
26.019,11.188,7.618,0.851
26.064,11.233,7.624,0.8515
26.195,11.246,7.628,0.852
26.301,11.264,7.66,0.8525
26.534,11.296,7.675,0.853
26.547,11.303,7.712,0.8535
26.585,11.303,7.728,0.854
26.706,11.307,7.75,0.8545
26.765,11.316,7.755,0.855
26.773,11.33,7.792,0.8555
26.783,11.35,7.809,0.856
26.981,11.352,7.84,0.8565
27.056,11.383,7.894,0.857
27.12,11.406,7.904,0.8575
27.172,11.435,7.911,0.858
27.26,11.468,7.96,0.8585
27.446,11.473,7.962,0.859
27.513,11.485,8.024,0.8595
27.624,11.523,8.066,0.86
27.726,11.53,8.072,0.8605
27.749,11.555,8.087,0.861
27.896,11.703,8.094,0.8615
27.961,11.718,8.115,0.862
28.096,11.727,8.118,0.8625
28.152,11.74,8.122,0.863
28.221,11.754,8.151,0.8635
28.54,11.767,8.152,0.864
28.789,11.769,8.202,0.8645
28.877,11.816,8.229,0.865
29.027,11.873,8.273,0.8655
29.142,11.921,8.307,0.866
29.154,11.931,8.346,0.8665
29.331,11.987,8.384,0.867
29.37,12.035,8.391,0.8675
29.392,12.14,8.394,0.868
29.444,12.145,8.396,0.8685
29.465,12.153,8.396,0.869
29.698,12.164,8.424,0.8695
29.85,12.2,8.49,0.87
30.186,12.23,8.588,0.8705
30.192,12.342,8.602,0.871
30.514,12.37,8.62,0.8715
30.695,12.43,8.621,0.872
30.713,12.432,8.644,0.8725
30.736,12.498,8.682,0.873
30.778,12.502,8.705,0.8735
30.789,12.505,8.713,0.874
30.876,12.506,8.81,0.8745
30.927,12.538,8.833,0.875
31.088,12.645,8.836,0.8755
31.151,12.655,8.838,0.876
31.705,12.676,8.839,0.8765
31.852,12.695,8.884,0.877
32.065,12.725,8.955,0.8775
32.164,12.741,9.092,0.878
32.236,12.86,9.113,0.8785
32.508,12.929,9.141,0.879
32.734,12.941,9.172,0.8795
32.851,12.985,9.189,0.88
32.939,13.047,9.23,0.8805
33.24,13.048,9.25,0.881
33.611,13.063,9.25,0.8815
33.871,13.078,9.294,0.882
33.926,13.1,9.316,0.8825
33.941,13.213,9.336,0.883
33.944,13.242,9.373,0.8835
34.048,13.246,9.387,0.884
34.09,13.283,9.473,0.8845
34.115,13.304,9.492,0.885
34.239,13.332,9.51,0.8855
34.387,13.357,9.524,0.886
34.392,13.413,9.526,0.8865
34.613,13.514,9.527,0.887
34.689,13.548,9.538,0.8875
34.693,13.558,9.543,0.888
34.694,13.594,9.552,0.8885
34.98,13.607,9.564,0.889
35.191,13.623,9.572,0.8895
35.231,13.73,9.623,0.89
35.448,13.809,9.687,0.8905
35.476,13.87,9.688,0.891
35.569,13.934,9.698,0.8915
35.612,13.941,9.723,0.892
35.756,14.057,9.858,0.8925
36.149,14.059,9.921,0.893
36.462,14.097,10.036,0.8935
36.488,14.157,10.072,0.894
36.661,14.341,10.075,0.8945
36.685,14.371,10.165,0.895
37.327,14.406,10.176,0.8955
38.189,14.442,10.179,0.896
38.204,14.476,10.356,0.8965
38.239,14.488,10.383,0.897
38.367,14.522,10.394,0.8975
38.828,14.524,10.401,0.898
39.023,14.525,10.408,0.8985
39.053,14.672,10.531,0.899
39.221,14.846,10.61,0.8995
39.341,14.875,10.745,0.9
39.911,14.914,10.76,0.9005
39.952,14.948,10.767,0.901
39.984,14.967,10.808,0.9015
40.47,15.012,10.9,0.902
40.52,15.058,10.95,0.9025
40.846,15.086,10.967,0.903
40.87,15.104,10.986,0.9035
41.034,15.188,11.069,0.904
41.197,15.213,11.078,0.9045
41.589,15.368,11.089,0.905
41.629,15.371,11.102,0.9055
41.874,15.492,11.156,0.906
41.962,15.672,11.21,0.9065
42.44,15.706,11.231,0.907
42.756,15.753,11.266,0.9075
42.773,15.767,11.457,0.908
43.038,15.896,11.573,0.9085
43.201,15.9,11.586,0.909
43.377,15.969,11.648,0.9095
43.461,16.235,11.741,0.91
43.486,16.332,11.759,0.9105
43.494,16.68,11.782,0.911
43.896,16.872,11.79,0.9115
44.259,16.922,11.804,0.912
44.447,17.104,11.811,0.9125
45.047,17.13,11.832,0.913
45.175,17.35,11.914,0.9135
45.207,17.379,11.963,0.914
45.238,17.483,12.206,0.9145
45.688,17.536,12.223,0.915
45.757,17.542,12.348,0.9155
45.913,17.714,12.412,0.916
46.123,17.995,12.42,0.9165
46.185,18.038,12.459,0.917
46.337,18.1,12.479,0.9175
46.644,18.11,12.52,0.918
46.678,18.131,12.523,0.9185
46.779,18.244,12.55,0.919
46.937,18.368,12.619,0.9195
47.33,18.508,12.642,0.92
47.681,18.603,12.741,0.9205
47.966,18.67,12.832,0.921
48.197,18.733,12.938,0.9215
48.303,19.06,12.961,0.922
48.431,19.086,13.033,0.9225
48.518,19.297,13.041,0.923
49.089,19.302,13.113,0.9235
49.619,19.322,13.152,0.924
49.945,19.516,13.197,0.9245
49.974,19.518,13.205,0.925
50.075,19.605,13.315,0.9255
50.113,19.735,13.381,0.926
50.261,19.788,13.393,0.9265
50.544,19.847,13.422,0.927
50.998,19.86,13.508,0.9275
51.452,19.931,13.533,0.928
51.733,19.995,13.551,0.9285
51.781,20.216,13.56,0.929
52.092,20.331,13.613,0.9295
52.348,20.516,13.856,0.93
52.391,20.64,13.863,0.9305
52.713,20.703,14.012,0.931
52.887,20.733,14.109,0.9315
53.78,20.798,14.134,0.932
53.96,20.8,14.182,0.9325
54.083,20.802,14.187,0.933
54.258,21.537,14.589,0.9335
54.426,21.665,14.658,0.934
54.462,21.723,14.681,0.9345
54.803,21.792,14.721,0.935
54.837,22.23,14.739,0.9355
55.006,22.393,14.848,0.936
56.702,22.495,14.913,0.9365
57.1,22.621,14.965,0.937
57.507,22.718,14.991,0.9375
57.685,22.984,15.018,0.938
57.793,23.144,15.018,0.9385
57.794,23.339,15.102,0.939
58.007,23.537,15.146,0.9395
58.563,23.581,15.17,0.94
58.594,23.607,15.337,0.9405
59.947,23.913,15.364,0.941
60.598,24.01,15.379,0.9415
60.773,24.135,15.382,0.942
61.058,24.391,15.418,0.9425
61.264,24.544,15.45,0.943
61.718,24.545,15.453,0.9435
62.053,25.064,15.548,0.944
62.271,25.218,15.588,0.9445
62.575,25.607,15.924,0.945
62.642,25.741,16.011,0.9455
62.802,25.8,16.018,0.946
63.163,26.292,16.038,0.9465
63.23,26.407,16.242,0.947
64.024,26.416,16.318,0.9475
64.314,26.683,16.434,0.948
65.602,26.804,16.729,0.9485
65.831,26.843,16.733,0.949
66.084,26.974,16.937,0.9495
66.708,27.429,17.127,0.95
67.411,27.462,17.209,0.9505
68.199,27.498,17.295,0.951
69.707,27.669,17.396,0.9515
70.303,27.745,17.413,0.952
70.511,27.878,17.463,0.9525
71.528,27.887,17.492,0.953
71.546,28.103,17.629,0.9535
71.976,28.341,17.747,0.954
72.404,28.377,17.828,0.9545
72.783,28.502,17.882,0.955
73.098,28.637,17.895,0.9555
73.478,28.81,17.976,0.956
73.512,28.849,18.091,0.9565
74.017,28.906,18.315,0.957
75.331,29.159,18.429,0.9575
76.029,29.237,18.438,0.958
76.05,29.434,18.563,0.9585
76.172,29.474,18.662,0.959
76.422,29.518,18.72,0.9595
77.01,29.644,18.754,0.96
77.287,29.829,18.755,0.9605
78.19,30.037,18.802,0.961
78.378,30.098,18.966,0.9615
78.696,30.17,19.058,0.962
79.858,30.365,19.612,0.9625
79.936,30.453,19.639,0.963
79.995,30.559,19.775,0.9635
80.071,30.9,19.809,0.964
80.657,31.125,19.911,0.9645
81.402,31.443,19.988,0.965
83.498,31.651,20.019,0.9655
83.505,31.744,20.211,0.966
86.237,32.308,20.26,0.9665
86.839,33.079,20.373,0.967
87.222,33.274,20.377,0.9675
89.488,33.407,20.48,0.968
89.52,33.856,20.931,0.9685
90.231,35.099,20.932,0.969
90.247,35.979,20.986,0.9695
90.921,35.994,21.105,0.97
92.432,36.315,21.186,0.9705
93.917,36.468,21.386,0.971
94.115,36.575,21.492,0.9715
94.363,36.751,21.605,0.972
95.194,37.997,21.751,0.9725
95.712,38.238,21.784,0.973
96.48,38.328,21.804,0.9735
96.506,38.861,22.343,0.974
98.742,40.379,22.362,0.9745
99.906,40.402,22.439,0.975
100.748,40.459,22.561,0.9755
101.278,40.579,22.643,0.976
102.713,41.613,22.77,0.9765
104.181,41.677,23.097,0.977
106.027,42.252,23.234,0.9775
106.199,42.841,23.24,0.978
106.794,43.187,23.252,0.9785
110.365,43.942,23.267,0.979
110.637,44.55,23.444,0.9795
111.32,45.012,23.644,0.98
111.657,45.641,23.647,0.9805
111.784,45.831,23.715,0.981
112.714,46.534,23.863,0.9815
113.226,46.841,23.966,0.982
114.363,47.913,25.047,0.9825
115.637,48.167,25.324,0.983
119.937,48.599,25.734,0.9835
120.839,49.066,25.855,0.984
122.007,49.39,25.92,0.9845
123.04,50.972,27.393,0.985
123.954,51.583,27.535,0.9855
123.967,51.822,27.816,0.986
126.665,53.55,27.889,0.9865
128.789,54.398,28.746,0.987
130.298,56.942,29.146,0.9875
131.965,57.077,29.912,0.988
135.224,58.131,30.032,0.9885
144.331,58.483,30.084,0.989
145.59,58.923,30.34,0.9895
147.866,59.269,30.519,0.99
149.526,60.087,31.443,0.9905
149.576,63.245,31.634,0.991
151.908,63.398,31.682,0.9915
152.039,63.792,31.783,0.992
154.455,64.204,31.955,0.9925
158.796,64.955,32.436,0.993
169.607,71.39,32.624,0.9935
185.645,71.942,32.698,0.994
187.233,73.895,32.703,0.9945
191.143,80.932,33.84,0.995
201.837,84.176,35.117,0.9955
204.804,89.37,35.221,0.996
211.153,90.371,36.266,0.9965
213.942,93.286,36.521,0.997
216.576,106.783,37.993,0.9975
232.308,118.162,39.052,0.998
236.866,123.501,44.371,0.9985
249.817,125.134,48.758,0.999
287.936,169.249,54.219,0.9995
303.524,181.691,54.511,1.0
