Rank1,Rank2,Rank3,Rank4,Percentage
0.0,0.0,0.0,0.0,0.0
0.001,0.0,0.0,0.0,0.001
0.001,0.0,0.0,0.0,0.002
0.002,0.0,0.0,0.0,0.003
0.002,0.0,0.0,0.0,0.004
0.002,0.0,0.0,0.0,0.005
0.002,0.0,0.0,0.0,0.006
0.003,0.0,0.0,0.0,0.007
0.003,0.0,0.0,0.0,0.008
0.003,0.0,0.0,0.0,0.009
0.005,0.0,0.0,0.0,0.01
0.005,0.0,0.0,0.0,0.011
0.006,0.0,0.0,0.0,0.012
0.006,0.0,0.0,0.0,0.013
0.007,0.0,0.0,0.0,0.014
0.008,0.0,0.0,0.0,0.015
0.009,0.0,0.0,0.0,0.016
0.009,0.0,0.0,0.0,0.017
0.009,0.0,0.0,0.0,0.018
0.01,0.0,0.0,0.0,0.019
0.011,0.0,0.0,0.0,0.02
0.011,0.0,0.0,0.0,0.021
0.011,0.0,0.0,0.0,0.022
0.012,0.0,0.0,0.0,0.023
0.015,0.0,0.0,0.0,0.024
0.016,0.0,0.0,0.0,0.025
0.017,0.0,0.0,0.0,0.026
0.017,0.0,0.0,0.0,0.027
0.017,0.0,0.0,0.0,0.028
0.018,0.0,0.0,0.0,0.029
0.019,0.0,0.0,0.0,0.03
0.019,0.0,0.0,0.0,0.031
0.02,0.0,0.0,0.0,0.032
0.023,0.0,0.0,0.0,0.033
0.023,0.0,0.0,0.0,0.034
0.024,0.0,0.0,0.0,0.035
0.025,0.0,0.0,0.0,0.036
0.026,0.0,0.0,0.0,0.037
0.027,0.0,0.0,0.0,0.038
0.029,0.0,0.0,0.0,0.039
0.029,0.0,0.0,0.0,0.04
0.029,0.0,0.0,0.0,0.041
0.029,0.0,0.0,0.0,0.042
0.029,0.0,0.0,0.0,0.043
0.03,0.0,0.0,0.0,0.044
0.031,0.0,0.0,0.0,0.045
0.031,0.0,0.0,0.0,0.046
0.031,0.0,0.0,0.0,0.047
0.031,0.0,0.0,0.0,0.048
0.033,0.0,0.0,0.0,0.049
0.033,0.0,0.0,0.0,0.05
0.034,0.0,0.0,0.0,0.051
0.035,0.0,0.0,0.0,0.052
0.036,0.0,0.0,0.0,0.053
0.037,0.0,0.0,0.0,0.054
0.038,0.0,0.0,0.0,0.055
0.038,0.0,0.0,0.0,0.056
0.039,0.0,0.0,0.0,0.057
0.041,0.0,0.0,0.0,0.058
0.041,0.0,0.0,0.0,0.059
0.042,0.0,0.0,0.0,0.06
0.042,0.0,0.0,0.0,0.061
0.043,0.0,0.0,0.0,0.062
0.044,0.0,0.0,0.0,0.063
0.044,0.0,0.0,0.0,0.064
0.049,0.0,0.0,0.0,0.065
0.049,0.001,0.0,0.0,0.066
0.05,0.001,0.0,0.0,0.067
0.053,0.001,0.0,0.0,0.068
0.057,0.001,0.0,0.0,0.069
0.06,0.001,0.0,0.0,0.07
0.062,0.001,0.0,0.0,0.071
0.062,0.001,0.0,0.0,0.072
0.065,0.001,0.0,0.0,0.073
0.065,0.001,0.0,0.0,0.074
0.066,0.001,0.0,0.0,0.075
0.069,0.001,0.0,0.0,0.076
0.069,0.002,0.0,0.0,0.077
0.071,0.002,0.0,0.0,0.078
0.072,0.002,0.0,0.0,0.079
0.073,0.002,0.0,0.0,0.08
0.074,0.002,0.0,0.0,0.081
0.075,0.003,0.0,0.0,0.082
0.076,0.003,0.0,0.0,0.083
0.077,0.003,0.0,0.0,0.084
0.078,0.003,0.0,0.0,0.085
0.081,0.003,0.0,0.0,0.086
0.083,0.003,0.0,0.0,0.087
0.085,0.003,0.0,0.0,0.088
0.087,0.003,0.0,0.0,0.089
0.088,0.003,0.0,0.0,0.09
0.088,0.003,0.0,0.0,0.091
0.089,0.003,0.0,0.0,0.092
0.093,0.004,0.0,0.0,0.093
0.094,0.004,0.0,0.0,0.094
0.095,0.004,0.0,0.0,0.095
0.097,0.004,0.0,0.0,0.096
0.097,0.004,0.0,0.0,0.097
0.1,0.005,0.0,0.0,0.098
0.1,0.006,0.0,0.0,0.099
0.1,0.006,0.0,0.0,0.1
0.101,0.006,0.0,0.0,0.101
0.107,0.007,0.0,0.0,0.102
0.109,0.007,0.0,0.0,0.103
0.11,0.007,0.0,0.0,0.104
0.111,0.007,0.0,0.0,0.105
0.112,0.008,0.0,0.0,0.106
0.116,0.008,0.0,0.0,0.107
0.119,0.008,0.0,0.0,0.108
0.122,0.008,0.0,0.0,0.109
0.125,0.008,0.0,0.0,0.11
0.125,0.009,0.0,0.0,0.111
0.135,0.009,0.0,0.0,0.112
0.136,0.009,0.0,0.0,0.113
0.137,0.01,0.0,0.0,0.114
0.142,0.01,0.0,0.0,0.115
0.142,0.01,0.0,0.0,0.116
0.146,0.01,0.0,0.0,0.117
0.146,0.01,0.0,0.0,0.118
0.146,0.01,0.0,0.0,0.119
0.155,0.011,0.0,0.0,0.12
0.156,0.011,0.0,0.0,0.121
0.156,0.011,0.0,0.0,0.122
0.163,0.011,0.0,0.0,0.123
0.169,0.011,0.0,0.0,0.124
0.169,0.012,0.0,0.0,0.125
0.173,0.012,0.0,0.0,0.126
0.173,0.013,0.0,0.0,0.127
0.175,0.013,0.0,0.0,0.128
0.176,0.013,0.0,0.0,0.129
0.177,0.013,0.0,0.0,0.13
0.179,0.013,0.0,0.0,0.131
0.18,0.014,0.0,0.0,0.132
0.182,0.015,0.0,0.0,0.133
0.184,0.015,0.0,0.0,0.134
0.187,0.016,0.0,0.0,0.135
0.188,0.016,0.0,0.0,0.136
0.195,0.016,0.0,0.0,0.137
0.196,0.017,0.0,0.0,0.138
0.197,0.017,0.0,0.0,0.139
0.198,0.017,0.0,0.0,0.14
0.199,0.017,0.0,0.0,0.141
0.203,0.018,0.0,0.0,0.142
0.204,0.018,0.0,0.0,0.143
0.204,0.019,0.0,0.0,0.144
0.207,0.019,0.0,0.0,0.145
0.207,0.019,0.0,0.0,0.146
0.213,0.021,0.0,0.0,0.147
0.216,0.021,0.0,0.0,0.148
0.219,0.021,0.0,0.0,0.149
0.222,0.021,0.0,0.0,0.15
0.228,0.022,0.0,0.0,0.151
0.232,0.022,0.0,0.0,0.152
0.237,0.022,0.0,0.0,0.153
0.238,0.023,0.0,0.0,0.154
0.239,0.023,0.0,0.0,0.155
0.24,0.023,0.0,0.0,0.156
0.244,0.023,0.0,0.0,0.157
0.247,0.025,0.0,0.0,0.158
0.247,0.026,0.0,0.0,0.159
0.25,0.026,0.0,0.0,0.16
0.255,0.027,0.0,0.0,0.161
0.26,0.027,0.0,0.0,0.162
0.262,0.028,0.0,0.0,0.163
0.262,0.028,0.0,0.0,0.164
0.265,0.029,0.0,0.0,0.165
0.265,0.029,0.0,0.0,0.166
0.267,0.03,0.0,0.0,0.167
0.268,0.03,0.0,0.0,0.168
0.268,0.03,0.0,0.0,0.169
0.275,0.031,0.0,0.0,0.17
0.275,0.031,0.0,0.0,0.171
0.282,0.031,0.0,0.0,0.172
0.287,0.032,0.0,0.0,0.173
0.287,0.033,0.0,0.0,0.174
0.288,0.033,0.0,0.0,0.175
0.297,0.033,0.0,0.0,0.176
0.301,0.034,0.0,0.0,0.177
0.301,0.035,0.0,0.0,0.178
0.308,0.035,0.0,0.0,0.179
0.31,0.035,0.0,0.0,0.18
0.315,0.035,0.0,0.0,0.181
0.316,0.036,0.0,0.0,0.182
0.318,0.037,0.0,0.0,0.183
0.324,0.037,0.0,0.0,0.184
0.325,0.037,0.0,0.0,0.185
0.325,0.039,0.0,0.0,0.186
0.328,0.039,0.0,0.0,0.187
0.34,0.039,0.0,0.0,0.188
0.341,0.039,0.0,0.0,0.189
0.342,0.041,0.0,0.0,0.19
0.342,0.041,0.0,0.0,0.191
0.345,0.042,0.0,0.0,0.192
0.348,0.042,0.0,0.0,0.193
0.357,0.042,0.0,0.0,0.194
0.359,0.043,0.0,0.0,0.195
0.36,0.044,0.0,0.0,0.196
0.361,0.044,0.001,0.0,0.197
0.372,0.045,0.001,0.0,0.198
0.372,0.046,0.001,0.0,0.199
0.374,0.046,0.001,0.0,0.2
0.376,0.048,0.001,0.0,0.201
0.383,0.049,0.001,0.0,0.202
0.385,0.049,0.001,0.0,0.203
0.394,0.05,0.001,0.0,0.204
0.398,0.05,0.001,0.0,0.205
0.399,0.052,0.001,0.0,0.206
0.403,0.052,0.001,0.0,0.207
0.405,0.052,0.002,0.0,0.208
0.416,0.053,0.002,0.0,0.209
0.416,0.053,0.002,0.0,0.21
0.417,0.055,0.002,0.0,0.211
0.422,0.056,0.002,0.0,0.212
0.431,0.056,0.002,0.0,0.213
0.432,0.057,0.002,0.0,0.214
0.433,0.059,0.002,0.0,0.215
0.434,0.059,0.002,0.0,0.216
0.434,0.061,0.002,0.0,0.217
0.441,0.061,0.002,0.0,0.218
0.448,0.061,0.002,0.0,0.219
0.449,0.063,0.003,0.0,0.22
0.457,0.063,0.003,0.0,0.221
0.46,0.063,0.003,0.0,0.222
0.461,0.064,0.003,0.0,0.223
0.462,0.064,0.003,0.0,0.224
0.465,0.064,0.003,0.0,0.225
0.466,0.065,0.003,0.0,0.226
0.468,0.066,0.003,0.0,0.227
0.469,0.066,0.003,0.0,0.228
0.477,0.066,0.003,0.0,0.229
0.477,0.067,0.004,0.0,0.23
0.478,0.068,0.004,0.0,0.231
0.483,0.068,0.004,0.0,0.232
0.484,0.07,0.004,0.0,0.233
0.488,0.07,0.004,0.0,0.234
0.49,0.071,0.004,0.0,0.235
0.491,0.072,0.004,0.0,0.236
0.493,0.073,0.005,0.0,0.237
0.497,0.076,0.005,0.0,0.238
0.497,0.077,0.005,0.0,0.239
0.5,0.077,0.005,0.0,0.24
0.505,0.077,0.005,0.0,0.241
0.507,0.078,0.005,0.0,0.242
0.516,0.079,0.005,0.0,0.243
0.521,0.081,0.005,0.0,0.244
0.524,0.081,0.006,0.0,0.245
0.527,0.082,0.006,0.0,0.246
0.532,0.083,0.006,0.0,0.247
0.535,0.083,0.006,0.0,0.248
0.539,0.083,0.006,0.0,0.249
0.54,0.084,0.007,0.0,0.25
0.54,0.085,0.007,0.0,0.251
0.545,0.092,0.007,0.0,0.252
0.545,0.092,0.007,0.0,0.253
0.551,0.093,0.007,0.0,0.254
0.555,0.094,0.008,0.0,0.255
0.559,0.094,0.008,0.0,0.256
0.56,0.095,0.009,0.0,0.257
0.563,0.097,0.009,0.0,0.258
0.563,0.098,0.009,0.0,0.259
0.567,0.099,0.009,0.0,0.26
0.578,0.1,0.01,0.0,0.261
0.583,0.103,0.01,0.0,0.262
0.588,0.103,0.011,0.0,0.263
0.591,0.104,0.011,0.0,0.264
0.593,0.104,0.012,0.0,0.265
0.596,0.105,0.012,0.0,0.266
0.601,0.105,0.013,0.0,0.267
0.603,0.107,0.013,0.0,0.268
0.612,0.107,0.014,0.0,0.269
0.613,0.108,0.014,0.0,0.27
0.624,0.109,0.014,0.0,0.271
0.624,0.112,0.014,0.0,0.272
0.628,0.113,0.015,0.0,0.273
0.633,0.115,0.015,0.0,0.274
0.634,0.115,0.015,0.0,0.275
0.636,0.115,0.015,0.0,0.276
0.637,0.115,0.016,0.0,0.277
0.639,0.116,0.017,0.0,0.278
0.641,0.116,0.017,0.0,0.279
0.647,0.116,0.017,0.0,0.28
0.656,0.117,0.018,0.0,0.281
0.666,0.117,0.018,0.0,0.282
0.68,0.119,0.018,0.0,0.283
0.682,0.121,0.018,0.0,0.284
0.684,0.122,0.019,0.0,0.285
0.689,0.128,0.019,0.0,0.286
0.691,0.128,0.019,0.0,0.287
0.692,0.128,0.019,0.0,0.288
0.697,0.128,0.019,0.0,0.289
0.697,0.129,0.021,0.0,0.29
0.702,0.13,0.021,0.0,0.291
0.706,0.13,0.022,0.0,0.292
0.707,0.13,0.022,0.0,0.293
0.713,0.13,0.022,0.0,0.294
0.719,0.132,0.023,0.0,0.295
0.72,0.132,0.023,0.0,0.296
0.721,0.134,0.024,0.0,0.297
0.725,0.137,0.024,0.0,0.298
0.729,0.139,0.024,0.0,0.299
0.736,0.139,0.024,0.0,0.3
0.742,0.139,0.025,0.0,0.301
0.743,0.14,0.027,0.0,0.302
0.743,0.14,0.027,0.0,0.303
0.749,0.141,0.027,0.0,0.304
0.75,0.142,0.027,0.0,0.305
0.751,0.145,0.028,0.0,0.306
0.755,0.145,0.03,0.0,0.307
0.758,0.146,0.031,0.0,0.308
0.766,0.146,0.031,0.0,0.309
0.772,0.149,0.033,0.0,0.31
0.778,0.149,0.033,0.0,0.311
0.789,0.151,0.035,0.0,0.312
0.793,0.152,0.036,0.0,0.313
0.797,0.152,0.036,0.0,0.314
0.807,0.153,0.036,0.0,0.315
0.815,0.153,0.036,0.0,0.316
0.821,0.154,0.037,0.0,0.317
0.827,0.156,0.037,0.0,0.318
0.829,0.157,0.038,0.0,0.319
0.844,0.158,0.038,0.0,0.32
0.845,0.158,0.039,0.0,0.321
0.867,0.16,0.039,0.0,0.322
0.869,0.162,0.039,0.0,0.323
0.88,0.17,0.04,0.0,0.324
0.884,0.173,0.043,0.0,0.325
0.901,0.174,0.043,0.0,0.326
0.908,0.174,0.043,0.0,0.327
0.908,0.176,0.045,0.001,0.328
0.927,0.182,0.045,0.001,0.329
0.935,0.184,0.045,0.001,0.33
0.936,0.193,0.046,0.001,0.331
0.936,0.193,0.046,0.001,0.332
0.94,0.194,0.046,0.001,0.333
0.945,0.197,0.047,0.001,0.334
0.949,0.198,0.048,0.001,0.335
0.951,0.201,0.049,0.001,0.336
0.952,0.203,0.049,0.001,0.337
0.954,0.204,0.05,0.001,0.338
0.972,0.21,0.05,0.001,0.339
0.983,0.213,0.051,0.001,0.34
0.983,0.214,0.052,0.001,0.341
0.991,0.221,0.052,0.002,0.342
0.999,0.222,0.053,0.002,0.343
1.012,0.222,0.054,0.002,0.344
1.014,0.223,0.055,0.003,0.345
1.018,0.225,0.055,0.003,0.346
1.022,0.226,0.055,0.003,0.347
1.046,0.227,0.055,0.003,0.348
1.049,0.229,0.055,0.003,0.349
1.062,0.232,0.057,0.003,0.35
1.073,0.234,0.058,0.004,0.351
1.087,0.239,0.058,0.004,0.352
1.092,0.239,0.059,0.004,0.353
1.096,0.239,0.059,0.004,0.354
1.115,0.24,0.059,0.004,0.355
1.119,0.243,0.06,0.004,0.356
1.128,0.243,0.061,0.004,0.357
1.132,0.247,0.061,0.005,0.358
1.143,0.248,0.061,0.005,0.359
1.144,0.249,0.063,0.005,0.36
1.158,0.25,0.063,0.005,0.361
1.169,0.256,0.064,0.005,0.362
1.19,0.257,0.064,0.005,0.363
1.195,0.26,0.065,0.005,0.364
1.211,0.264,0.065,0.006,0.365
1.212,0.265,0.066,0.006,0.366
1.228,0.267,0.066,0.006,0.367
1.232,0.268,0.066,0.006,0.368
1.233,0.27,0.066,0.006,0.369
1.236,0.27,0.067,0.006,0.37
1.24,0.272,0.07,0.007,0.371
1.246,0.276,0.073,0.007,0.372
1.26,0.28,0.074,0.007,0.373
1.273,0.284,0.076,0.008,0.374
1.284,0.291,0.077,0.008,0.375
1.287,0.297,0.078,0.008,0.376
1.289,0.305,0.079,0.008,0.377
1.297,0.307,0.08,0.009,0.378
1.298,0.309,0.08,0.009,0.379
1.309,0.312,0.081,0.009,0.38
1.315,0.326,0.081,0.01,0.381
1.321,0.327,0.081,0.01,0.382
1.346,0.33,0.084,0.01,0.383
1.354,0.331,0.084,0.011,0.384
1.361,0.332,0.086,0.011,0.385
1.363,0.333,0.087,0.011,0.386
1.366,0.334,0.087,0.011,0.387
1.369,0.334,0.088,0.011,0.388
1.388,0.339,0.088,0.011,0.389
1.401,0.344,0.089,0.012,0.39
1.412,0.344,0.091,0.013,0.391
1.426,0.345,0.092,0.013,0.392
1.437,0.348,0.092,0.014,0.393
1.451,0.348,0.093,0.014,0.394
1.456,0.352,0.093,0.015,0.395
1.463,0.353,0.093,0.015,0.396
1.485,0.355,0.094,0.015,0.397
1.51,0.359,0.094,0.015,0.398
1.514,0.359,0.095,0.017,0.399
1.529,0.361,0.095,0.017,0.4
1.538,0.363,0.097,0.017,0.401
1.541,0.366,0.097,0.019,0.402
1.556,0.368,0.099,0.019,0.403
1.567,0.374,0.099,0.02,0.404
1.577,0.377,0.1,0.021,0.405
1.593,0.378,0.101,0.021,0.406
1.602,0.379,0.102,0.022,0.407
1.604,0.379,0.103,0.022,0.408
1.604,0.387,0.104,0.023,0.409
1.605,0.388,0.104,0.025,0.41
1.613,0.39,0.105,0.025,0.411
1.647,0.393,0.111,0.025,0.412
1.652,0.394,0.111,0.025,0.413
1.659,0.396,0.111,0.025,0.414
1.662,0.399,0.111,0.026,0.415
1.671,0.402,0.113,0.026,0.416
1.673,0.411,0.114,0.027,0.417
1.673,0.413,0.114,0.027,0.418
1.677,0.414,0.115,0.03,0.419
1.689,0.415,0.119,0.031,0.42
1.702,0.422,0.119,0.034,0.421
1.707,0.427,0.12,0.034,0.422
1.708,0.428,0.12,0.037,0.423
1.71,0.428,0.122,0.037,0.424
1.712,0.442,0.123,0.038,0.425
1.722,0.442,0.126,0.038,0.426
1.723,0.443,0.129,0.04,0.427
1.725,0.446,0.13,0.04,0.428
1.74,0.449,0.13,0.041,0.429
1.74,0.457,0.131,0.044,0.43
1.776,0.457,0.131,0.044,0.431
1.785,0.458,0.132,0.045,0.432
1.792,0.461,0.132,0.045,0.433
1.836,0.463,0.133,0.046,0.434
1.839,0.47,0.133,0.047,0.435
1.84,0.473,0.135,0.05,0.436
1.845,0.474,0.135,0.052,0.437
1.845,0.475,0.136,0.053,0.438
1.849,0.476,0.136,0.053,0.439
1.858,0.487,0.137,0.053,0.44
1.86,0.49,0.141,0.054,0.441
1.867,0.491,0.142,0.055,0.442
1.877,0.493,0.144,0.055,0.443
1.883,0.494,0.145,0.055,0.444
1.887,0.494,0.147,0.057,0.445
1.887,0.496,0.147,0.057,0.446
1.898,0.496,0.147,0.058,0.447
1.898,0.497,0.15,0.059,0.448
1.914,0.501,0.155,0.06,0.449
1.921,0.501,0.156,0.061,0.45
1.956,0.504,0.157,0.061,0.451
1.976,0.504,0.157,0.063,0.452
1.99,0.505,0.157,0.063,0.453
1.991,0.509,0.16,0.063,0.454
2.0,0.51,0.16,0.064,0.455
2.026,0.515,0.162,0.064,0.456
2.03,0.518,0.162,0.064,0.457
2.068,0.524,0.165,0.064,0.458
2.072,0.524,0.166,0.065,0.459
2.086,0.526,0.167,0.066,0.46
2.097,0.529,0.168,0.066,0.461
2.1,0.556,0.169,0.069,0.462
2.113,0.559,0.17,0.069,0.463
2.125,0.56,0.17,0.07,0.464
2.125,0.565,0.17,0.07,0.465
2.153,0.566,0.172,0.071,0.466
2.154,0.573,0.173,0.072,0.467
2.162,0.573,0.173,0.072,0.468
2.187,0.577,0.175,0.073,0.469
2.191,0.579,0.178,0.074,0.47
2.216,0.58,0.179,0.075,0.471
2.223,0.58,0.18,0.075,0.472
2.234,0.581,0.181,0.076,0.473
2.263,0.583,0.184,0.077,0.474
2.264,0.59,0.19,0.078,0.475
2.284,0.59,0.19,0.078,0.476
2.314,0.59,0.192,0.079,0.477
2.316,0.591,0.192,0.08,0.478
2.339,0.592,0.192,0.081,0.479
2.389,0.603,0.193,0.082,0.48
2.396,0.604,0.193,0.082,0.481
2.429,0.615,0.195,0.083,0.482
2.438,0.618,0.195,0.083,0.483
2.461,0.62,0.196,0.084,0.484
2.517,0.62,0.204,0.084,0.485
2.522,0.627,0.204,0.084,0.486
2.522,0.64,0.206,0.085,0.487
2.541,0.647,0.208,0.086,0.488
2.55,0.657,0.209,0.086,0.489
2.564,0.668,0.213,0.086,0.49
2.576,0.674,0.216,0.087,0.491
2.588,0.679,0.218,0.088,0.492
2.59,0.684,0.219,0.088,0.493
2.608,0.69,0.223,0.089,0.494
2.609,0.702,0.225,0.089,0.495
2.62,0.718,0.226,0.089,0.496
2.622,0.719,0.228,0.089,0.497
2.654,0.728,0.229,0.091,0.498
2.657,0.742,0.229,0.091,0.499
2.668,0.751,0.23,0.092,0.5
2.672,0.759,0.231,0.092,0.501
2.692,0.77,0.235,0.093,0.502
2.707,0.774,0.236,0.094,0.503
2.728,0.777,0.239,0.094,0.504
2.749,0.79,0.241,0.095,0.505
2.76,0.79,0.243,0.095,0.506
2.776,0.791,0.244,0.097,0.507
2.786,0.793,0.247,0.097,0.508
2.786,0.799,0.253,0.099,0.509
2.827,0.801,0.254,0.099,0.51
2.84,0.805,0.256,0.1,0.511
2.87,0.805,0.258,0.101,0.512
2.88,0.808,0.258,0.102,0.513
2.947,0.816,0.259,0.103,0.514
2.998,0.819,0.265,0.103,0.515
3.026,0.82,0.267,0.103,0.516
3.029,0.831,0.268,0.104,0.517
3.029,0.835,0.27,0.104,0.518
3.032,0.835,0.272,0.107,0.519
3.045,0.836,0.278,0.111,0.52
3.062,0.837,0.278,0.111,0.521
3.098,0.841,0.279,0.111,0.522
3.1,0.843,0.281,0.113,0.523
3.156,0.848,0.285,0.113,0.524
3.164,0.851,0.285,0.113,0.525
3.172,0.856,0.285,0.114,0.526
3.18,0.876,0.286,0.115,0.527
3.186,0.878,0.291,0.115,0.528
3.192,0.884,0.292,0.119,0.529
3.228,0.893,0.293,0.119,0.53
3.233,0.896,0.296,0.122,0.531
3.246,0.909,0.298,0.123,0.532
3.253,0.916,0.301,0.127,0.533
3.271,0.919,0.304,0.13,0.534
3.285,0.919,0.308,0.13,0.535
3.301,0.92,0.309,0.132,0.536
3.303,0.931,0.316,0.133,0.537
3.324,0.951,0.316,0.133,0.538
3.354,0.953,0.317,0.133,0.539
3.361,0.955,0.318,0.135,0.54
3.371,0.956,0.32,0.137,0.541
3.386,0.956,0.323,0.139,0.542
3.431,0.964,0.323,0.14,0.543
3.445,0.966,0.326,0.144,0.544
3.448,0.979,0.327,0.144,0.545
3.455,0.982,0.329,0.144,0.546
3.484,0.982,0.329,0.144,0.547
3.516,0.983,0.331,0.144,0.548
3.537,1.0,0.333,0.144,0.549
3.55,1.023,0.334,0.146,0.55
3.583,1.031,0.334,0.146,0.551
3.588,1.035,0.339,0.146,0.552
3.598,1.037,0.341,0.146,0.553
3.616,1.052,0.345,0.147,0.554
3.661,1.055,0.347,0.147,0.555
3.678,1.055,0.348,0.147,0.556
3.691,1.059,0.35,0.15,0.557
3.716,1.073,0.35,0.155,0.558
3.722,1.099,0.351,0.156,0.559
3.724,1.107,0.353,0.156,0.56
3.752,1.113,0.363,0.157,0.561
3.76,1.122,0.365,0.158,0.562
3.799,1.132,0.366,0.16,0.563
3.815,1.137,0.368,0.161,0.564
3.822,1.143,0.369,0.163,0.565
3.862,1.157,0.371,0.166,0.566
3.863,1.158,0.372,0.169,0.567
3.875,1.161,0.376,0.169,0.568
3.903,1.17,0.395,0.172,0.569
3.909,1.171,0.395,0.173,0.57
3.924,1.176,0.396,0.173,0.571
3.93,1.188,0.399,0.173,0.572
3.932,1.212,0.409,0.176,0.573
3.959,1.234,0.41,0.18,0.574
3.974,1.25,0.411,0.181,0.575
4.006,1.255,0.415,0.185,0.576
4.039,1.265,0.418,0.187,0.577
4.06,1.267,0.42,0.187,0.578
4.069,1.275,0.422,0.19,0.579
4.095,1.277,0.428,0.19,0.58
4.123,1.301,0.43,0.19,0.581
4.172,1.308,0.431,0.191,0.582
4.179,1.327,0.437,0.192,0.583
4.186,1.331,0.439,0.192,0.584
4.192,1.337,0.44,0.192,0.585
4.198,1.338,0.444,0.195,0.586
4.241,1.339,0.449,0.195,0.587
4.25,1.342,0.454,0.196,0.588
4.29,1.35,0.455,0.198,0.589
4.313,1.364,0.456,0.198,0.59
4.316,1.369,0.463,0.203,0.591
4.34,1.369,0.463,0.204,0.592
4.453,1.384,0.464,0.213,0.593
4.47,1.384,0.467,0.225,0.594
4.494,1.412,0.474,0.226,0.595
4.525,1.415,0.476,0.229,0.596
4.571,1.425,0.48,0.231,0.597
4.579,1.425,0.48,0.236,0.598
4.595,1.44,0.48,0.241,0.599
4.609,1.45,0.49,0.245,0.6
4.617,1.466,0.491,0.249,0.601
4.626,1.467,0.496,0.253,0.602
4.633,1.491,0.496,0.254,0.603
4.644,1.496,0.51,0.256,0.604
4.656,1.497,0.512,0.256,0.605
4.804,1.537,0.517,0.261,0.606
4.828,1.557,0.522,0.264,0.607
4.846,1.567,0.523,0.268,0.608
4.954,1.571,0.526,0.272,0.609
4.994,1.587,0.53,0.273,0.61
4.995,1.619,0.553,0.278,0.611
5.006,1.622,0.571,0.279,0.612
5.105,1.623,0.574,0.279,0.613
5.177,1.645,0.577,0.28,0.614
5.202,1.649,0.579,0.281,0.615
5.275,1.666,0.583,0.281,0.616
5.28,1.671,0.585,0.29,0.617
5.317,1.682,0.589,0.291,0.618
5.339,1.683,0.606,0.292,0.619
5.37,1.73,0.607,0.294,0.62
5.427,1.731,0.615,0.308,0.621
5.465,1.739,0.617,0.309,0.622
5.551,1.744,0.624,0.31,0.623
5.552,1.756,0.629,0.317,0.624
5.614,1.757,0.634,0.317,0.625
5.698,1.757,0.653,0.318,0.626
5.7,1.763,0.679,0.32,0.627
5.728,1.796,0.683,0.326,0.628
5.745,1.804,0.694,0.332,0.629
5.811,1.811,0.695,0.335,0.63
5.811,1.813,0.705,0.339,0.631
5.842,1.817,0.712,0.341,0.632
5.852,1.834,0.734,0.345,0.633
5.873,1.836,0.735,0.345,0.634
5.89,1.885,0.742,0.348,0.635
5.912,1.892,0.745,0.35,0.636
5.948,1.906,0.749,0.35,0.637
6.012,1.924,0.763,0.351,0.638
6.036,1.931,0.765,0.351,0.639
6.092,1.948,0.766,0.353,0.64
6.115,1.953,0.8,0.354,0.641
6.17,1.976,0.824,0.359,0.642
6.172,1.984,0.832,0.366,0.643
6.216,1.984,0.835,0.368,0.644
6.268,1.988,0.839,0.369,0.645
6.286,1.99,0.841,0.37,0.646
6.433,1.99,0.847,0.371,0.647
6.434,2.02,0.867,0.373,0.648
6.491,2.076,0.873,0.378,0.649
6.536,2.079,0.887,0.381,0.65
6.542,2.08,0.914,0.383,0.651
6.611,2.109,0.915,0.39,0.652
6.75,2.136,0.925,0.392,0.653
6.827,2.156,0.931,0.393,0.654
6.902,2.174,0.932,0.395,0.655
6.911,2.216,0.94,0.404,0.656
6.99,2.218,0.942,0.407,0.657
7.054,2.269,0.949,0.411,0.658
7.063,2.32,0.952,0.411,0.659
7.092,2.353,0.974,0.413,0.66
7.139,2.355,0.975,0.42,0.661
7.394,2.369,0.976,0.421,0.662
7.396,2.459,0.98,0.422,0.663
7.407,2.494,0.983,0.424,0.664
7.419,2.497,0.986,0.428,0.665
7.439,2.502,0.996,0.431,0.666
7.442,2.514,0.998,0.432,0.667
7.531,2.543,1.007,0.435,0.668
7.556,2.547,1.007,0.437,0.669
7.676,2.57,1.007,0.444,0.67
7.683,2.576,1.008,0.449,0.671
7.771,2.591,1.011,0.463,0.672
7.821,2.597,1.011,0.464,0.673
7.839,2.609,1.016,0.466,0.674
7.848,2.701,1.017,0.47,0.675
8.032,2.717,1.026,0.47,0.676
8.042,2.744,1.039,0.474,0.677
8.107,2.805,1.048,0.48,0.678
8.203,2.846,1.052,0.487,0.679
8.259,2.872,1.053,0.487,0.68
8.318,2.873,1.067,0.491,0.681
8.393,2.9,1.089,0.494,0.682
8.397,2.932,1.094,0.496,0.683
8.411,2.948,1.104,0.496,0.684
8.515,2.95,1.114,0.499,0.685
8.599,2.969,1.115,0.504,0.686
8.626,3.056,1.118,0.505,0.687
8.78,3.084,1.131,0.51,0.688
8.862,3.134,1.135,0.513,0.689
8.885,3.149,1.135,0.516,0.69
8.924,3.163,1.144,0.522,0.691
8.947,3.177,1.147,0.523,0.692
9.014,3.188,1.161,0.534,0.693
9.064,3.21,1.162,0.536,0.694
9.149,3.227,1.167,0.537,0.695
9.21,3.266,1.168,0.558,0.696
9.261,3.289,1.17,0.569,0.697
9.274,3.337,1.172,0.571,0.698
9.279,3.339,1.175,0.577,0.699
9.305,3.37,1.209,0.581,0.7
9.31,3.382,1.22,0.589,0.701
9.348,3.385,1.235,0.6,0.702
9.421,3.404,1.236,0.615,0.703
9.465,3.424,1.24,0.618,0.704
9.499,3.431,1.253,0.632,0.705
9.548,3.443,1.258,0.637,0.706
9.61,3.451,1.26,0.64,0.707
9.715,3.464,1.261,0.642,0.708
9.742,3.522,1.265,0.646,0.709
9.763,3.583,1.269,0.65,0.71
9.794,3.6,1.273,0.655,0.711
9.802,3.609,1.289,0.66,0.712
9.901,3.61,1.309,0.661,0.713
9.91,3.616,1.327,0.683,0.714
9.979,3.634,1.334,0.691,0.715
9.999,3.635,1.337,0.694,0.716
10.113,3.697,1.354,0.695,0.717
10.142,3.701,1.393,0.695,0.718
10.368,3.718,1.397,0.697,0.719
10.42,3.767,1.411,0.701,0.72
10.43,3.783,1.441,0.705,0.721
10.547,3.79,1.445,0.712,0.722
10.578,3.813,1.478,0.715,0.723
10.812,3.848,1.484,0.728,0.724
11.002,3.877,1.486,0.742,0.725
11.059,3.946,1.493,0.743,0.726
11.073,3.951,1.5,0.744,0.727
11.078,3.968,1.503,0.758,0.728
11.091,3.975,1.512,0.765,0.729
11.095,4.009,1.524,0.766,0.73
11.115,4.039,1.525,0.785,0.731
11.157,4.092,1.527,0.792,0.732
11.18,4.103,1.54,0.801,0.733
11.226,4.109,1.552,0.814,0.734
11.264,4.129,1.555,0.824,0.735
11.346,4.19,1.558,0.829,0.736
11.367,4.212,1.567,0.835,0.737
11.602,4.224,1.575,0.839,0.738
11.638,4.239,1.579,0.841,0.739
11.662,4.3,1.584,0.847,0.74
11.75,4.386,1.603,0.849,0.741
11.796,4.391,1.627,0.879,0.742
11.838,4.424,1.63,0.887,0.743
11.902,4.447,1.646,0.902,0.744
12.08,4.523,1.649,0.907,0.745
12.098,4.544,1.651,0.908,0.746
12.205,4.557,1.662,0.925,0.747
12.218,4.612,1.663,0.938,0.748
12.277,4.68,1.671,0.949,0.749
12.555,4.685,1.684,0.952,0.75
12.574,4.694,1.702,0.967,0.751
12.581,4.707,1.713,0.976,0.752
12.688,4.765,1.723,0.986,0.753
12.769,4.822,1.724,0.986,0.754
12.87,4.829,1.734,1.011,0.755
12.875,4.874,1.739,1.011,0.756
12.895,5.152,1.785,1.013,0.757
13.002,5.17,1.786,1.016,0.758
13.089,5.238,1.795,1.017,0.759
13.207,5.399,1.813,1.024,0.76
13.274,5.412,1.829,1.03,0.761
13.385,5.428,1.83,1.034,0.762
13.534,5.466,1.834,1.036,0.763
13.609,5.482,1.836,1.044,0.764
13.628,5.603,1.84,1.052,0.765
13.811,5.604,1.887,1.078,0.766
14.011,5.656,1.9,1.089,0.767
14.021,5.708,1.902,1.115,0.768
14.155,5.837,1.923,1.12,0.769
14.168,5.888,1.924,1.132,0.77
14.257,5.963,1.931,1.147,0.771
14.436,6.003,1.94,1.167,0.772
14.463,6.033,1.966,1.168,0.773
14.535,6.05,1.969,1.17,0.774
14.542,6.074,1.974,1.228,0.775
14.546,6.148,2.006,1.236,0.776
14.646,6.189,2.074,1.26,0.777
14.686,6.21,2.102,1.265,0.778
14.832,6.269,2.12,1.265,0.779
15.152,6.337,2.139,1.268,0.78
15.31,6.376,2.164,1.273,0.781
15.427,6.398,2.193,1.29,0.782
15.482,6.461,2.24,1.306,0.783
15.484,6.518,2.351,1.327,0.784
15.503,6.57,2.367,1.329,0.785
15.589,6.604,2.374,1.337,0.786
16.222,6.64,2.38,1.378,0.787
16.258,6.66,2.417,1.393,0.788
16.336,6.705,2.483,1.413,0.789
16.34,6.746,2.495,1.442,0.79
16.401,6.873,2.497,1.458,0.791
16.773,6.883,2.513,1.47,0.792
16.939,6.898,2.516,1.484,0.793
16.991,6.908,2.539,1.491,0.794
17.403,6.96,2.605,1.5,0.795
17.411,7.087,2.629,1.504,0.796
17.534,7.089,2.632,1.512,0.797
17.548,7.175,2.648,1.512,0.798
18.148,7.399,2.656,1.536,0.799
18.593,7.413,2.755,1.539,0.8
18.752,7.437,2.837,1.555,0.801
18.897,7.479,2.849,1.558,0.802
19.116,7.568,2.903,1.567,0.803
19.277,7.57,2.911,1.58,0.804
19.306,7.591,2.945,1.583,0.805
19.553,7.614,2.948,1.596,0.806
19.558,7.614,2.956,1.613,0.807
19.693,7.619,2.959,1.649,0.808
19.804,7.751,3.09,1.655,0.809
19.885,7.757,3.092,1.656,0.81
20.052,8.032,3.157,1.671,0.811
20.081,8.163,3.166,1.713,0.812
20.11,8.164,3.22,1.72,0.813
20.11,8.186,3.225,1.737,0.814
20.124,8.258,3.323,1.785,0.815
20.28,8.268,3.352,1.808,0.816
20.388,8.284,3.37,1.829,0.817
20.776,8.445,3.459,1.834,0.818
20.807,8.565,3.503,1.908,0.819
20.928,8.59,3.526,1.924,0.82
20.952,8.597,3.531,1.931,0.821
20.981,8.659,3.539,1.934,0.822
21.136,8.922,3.548,1.945,0.823
21.293,9.173,3.616,1.974,0.824
21.521,9.222,3.641,2.004,0.825
21.7,9.256,3.755,2.043,0.826
22.008,9.261,3.756,2.078,0.827
22.16,9.275,3.765,2.119,0.828
22.54,9.402,3.884,2.139,0.829
22.546,9.425,3.893,2.164,0.83
22.58,9.458,3.907,2.196,0.831
22.935,9.543,3.917,2.242,0.832
23.01,9.608,4.017,2.272,0.833
23.048,9.643,4.026,2.322,0.834
23.06,9.684,4.058,2.324,0.835
23.1,9.723,4.069,2.413,0.836
23.147,9.806,4.078,2.502,0.837
23.189,10.377,4.103,2.503,0.838
23.648,10.388,4.143,2.517,0.839
24.183,10.436,4.158,2.648,0.84
24.188,10.466,4.19,2.663,0.841
24.193,10.5,4.224,2.709,0.842
24.552,10.569,4.275,2.772,0.843
25.028,10.655,4.331,2.813,0.844
25.163,10.726,4.39,2.834,0.845
25.34,10.812,4.499,2.837,0.846
25.456,10.972,4.51,2.845,0.847
25.703,11.223,4.557,2.903,0.848
26.303,11.345,4.593,2.911,0.849
26.392,11.884,4.793,2.915,0.85
26.691,11.896,4.833,2.948,0.851
26.902,11.899,4.869,2.985,0.852
26.969,11.92,4.909,3.023,0.853
26.99,11.964,4.922,3.065,0.854
27.353,12.148,4.938,3.144,0.855
27.41,12.235,4.957,3.189,0.856
28.278,12.433,4.962,3.387,0.857
28.57,12.47,5.025,3.503,0.858
28.894,12.491,5.07,3.548,0.859
29.095,12.56,5.091,3.552,0.86
29.598,12.681,5.144,3.616,0.861
29.864,13.025,5.15,3.641,0.862
30.009,13.036,5.154,3.674,0.863
30.117,13.293,5.294,3.753,0.864
30.347,13.47,5.311,3.803,0.865
30.499,13.478,5.49,3.82,0.866
30.912,13.814,5.615,3.884,0.867
31.135,13.94,5.733,3.907,0.868
31.292,13.972,5.816,3.917,0.869
31.734,13.994,5.88,3.961,0.87
31.739,14.004,5.948,4.024,0.871
32.145,14.142,6.008,4.061,0.872
32.579,14.246,6.051,4.079,0.873
32.692,14.465,6.074,4.081,0.874
32.79,14.489,6.112,4.103,0.875
33.345,14.616,6.134,4.143,0.876
33.734,14.894,6.201,4.177,0.877
33.744,15.007,6.217,4.19,0.878
34.507,15.132,6.278,4.224,0.879
35.555,15.534,6.8,4.263,0.88
35.586,15.684,6.825,4.307,0.881
35.729,15.755,6.863,4.385,0.882
36.106,15.812,6.884,4.44,0.883
36.235,15.846,6.9,4.445,0.884
36.405,16.032,7.026,4.46,0.885
36.688,16.108,7.177,4.557,0.886
37.152,16.4,7.37,4.839,0.887
37.851,16.515,7.39,4.869,0.888
37.869,16.583,7.513,4.877,0.889
38.275,17.213,7.516,4.922,0.89
38.43,17.446,7.63,4.927,0.891
38.567,17.447,7.638,4.938,0.892
39.515,17.476,7.678,4.985,0.893
39.674,17.617,7.754,5.005,0.894
40.45,17.77,7.886,5.025,0.895
40.515,19.046,8.113,5.03,0.896
40.708,19.403,8.182,5.046,0.897
41.422,20.136,8.434,5.1,0.898
41.556,20.399,8.535,5.223,0.899
41.758,20.806,8.976,5.279,0.9
42.091,22.58,9.009,5.49,0.901
42.396,23.204,9.172,5.524,0.902
42.825,23.228,9.173,5.815,0.903
43.114,23.529,9.213,5.88,0.904
43.2,23.595,9.395,5.962,0.905
43.227,24.023,9.603,6.051,0.906
43.961,24.032,9.707,6.134,0.907
43.963,24.177,9.72,6.201,0.908
44.139,24.546,9.941,6.217,0.909
44.263,24.593,10.034,6.349,0.91
44.807,24.974,10.409,6.374,0.911
45.168,25.218,10.492,6.471,0.912
45.83,25.348,10.514,6.809,0.913
46.707,25.8,11.215,6.825,0.914
46.709,26.056,11.223,6.863,0.915
48.441,26.433,11.355,6.979,0.916
48.488,26.532,11.604,7.121,0.917
48.978,26.619,11.619,7.332,0.918
49.54,27.608,11.733,7.397,0.919
50.365,29.533,11.766,7.513,0.92
50.603,29.913,11.867,7.516,0.921
51.225,31.185,12.268,7.673,0.922
52.158,32.288,12.328,7.678,0.923
52.223,32.792,13.151,7.886,0.924
52.362,33.201,13.166,7.978,0.925
52.715,33.358,13.185,8.113,0.926
52.729,35.132,13.801,8.182,0.927
53.462,35.461,13.814,8.535,0.928
54.889,35.566,14.073,8.581,0.929
54.943,36.043,14.08,8.692,0.93
55.103,37.303,14.282,8.812,0.931
55.466,37.313,14.294,8.916,0.932
56.754,38.025,14.301,8.936,0.933
57.195,38.75,15.132,9.057,0.934
59.098,38.915,15.549,9.121,0.935
60.398,39.676,16.76,9.173,0.936
60.799,39.898,17.307,9.29,0.937
60.801,39.976,17.551,10.034,0.938
61.416,40.314,17.99,10.928,0.939
62.704,40.895,18.217,11.223,0.94
65.118,41.315,18.25,11.743,0.941
66.898,41.495,18.389,11.766,0.942
67.064,42.899,18.767,11.883,0.943
67.641,43.32,20.382,13.085,0.944
69.987,44.346,21.062,13.151,0.945
71.0,44.565,21.7,13.17,0.946
72.204,44.906,22.284,13.244,0.947
72.467,45.155,22.695,13.389,0.948
76.93,45.748,22.774,13.39,0.949
79.644,49.339,22.871,13.814,0.95
80.622,49.529,23.485,14.022,0.951
80.71,49.601,23.595,14.084,0.952
82.804,50.794,23.606,14.201,0.953
84.148,51.044,24.032,14.525,0.954
85.135,51.695,24.171,14.796,0.955
85.583,54.449,24.375,14.809,0.956
86.734,54.741,24.743,14.936,0.957
86.861,55.994,25.27,15.203,0.958
90.957,56.87,26.619,15.549,0.959
91.135,58.417,26.981,16.026,0.96
92.096,58.445,27.141,16.446,0.961
92.817,59.261,29.386,16.956,0.962
94.84,60.04,29.593,17.878,0.963
95.501,61.768,31.299,18.217,0.964
96.831,64.158,31.488,18.246,0.965
97.323,67.67,32.288,21.062,0.966
100.854,67.681,34.135,22.284,0.967
101.558,70.05,36.908,22.41,0.968
102.725,73.563,36.941,23.357,0.969
104.401,74.127,38.733,23.595,0.97
106.099,76.884,39.72,24.032,0.971
106.293,83.991,42.449,24.743,0.972
107.153,85.181,43.32,24.909,0.973
111.426,86.288,44.337,26.619,0.974
112.509,86.367,45.107,26.62,0.975
112.582,89.497,49.529,27.148,0.976
120.363,91.056,53.391,27.919,0.977
121.854,97.144,55.665,28.358,0.978
125.009,97.275,56.484,32.271,0.979
125.817,101.016,56.787,32.288,0.98
129.749,103.111,57.307,39.72,0.981
133.258,103.362,62.613,43.162,0.982
136.862,108.642,63.599,43.32,0.983
137.309,116.494,70.554,44.337,0.984
140.929,121.312,72.311,47.248,0.985
144.436,126.026,72.736,49.529,0.986
144.619,127.879,91.214,49.718,0.987
154.259,131.035,95.843,56.787,0.988
159.179,155.827,98.241,58.608,0.989
161.782,158.967,119.199,73.0,0.99
165.703,160.631,119.679,86.167,0.991
167.481,171.322,119.999,88.866,0.992
178.569,181.021,124.663,95.514,0.993
191.472,201.322,130.097,98.241,0.994
205.379,202.602,166.096,104.841,0.995
215.093,203.944,171.479,109.562,0.996
222.483,256.309,174.897,113.844,0.997
226.849,263.869,176.163,136.583,0.998
238.774,310.668,179.167,148.668,0.999
269.507,317.111,200.725,171.479,1.0
